id,user_id,business_id,bio,experience_years,specialties,is_freelancer,rating
"ceac4e55-7d8e-419d-878d-8c946824cd39","832b631d-6c47-4c30-83f4-b24d083efa47","47f41487-6b45-4015-bed6-de0ec198fca8","لیزر و درمان‌های ضد پیری","4","تمرین هوازی","false","4"
"ff3718c5-e629-46b3-b5b0-e5d4a18d1ae9","1aba8bf7-d94e-4c51-ba0d-b92845a41390","c2d1d177-8ace-419b-b793-700f31229954","متخصصین ماساژ با تجربه","1","ماساژ ریلکسی,میکاپ مجلسی","false","0"
"ac0e5460-eca4-4cf1-9e0b-2654202cc793","86e024c2-7a83-4b06-867e-952101450595","628a17e9-f78a-4610-9648-f671d5d4a75c","آرتیست‌های خلاق برای سبک‌های منحصربه‌فرد","1","ارتودنسی نامرئی,ترمیم ناخن,کلاس زومبا","false","1"
"e4724f09-261e-45d3-8f1f-1cd79098f84d","3208d0c7-23b6-4b72-ac87-84595c10e58c","8097f69b-fd39-48dd-b39a-64b4eebebefe","لیزر و درمان‌های ضد پیری","8","فیشال روشن‌کننده,عصب‌کشی","false","2"
"0c743669-92f5-496e-aea8-26de3c727ea9","d4d51f73-8670-487d-b8ad-704c72a786c9","847176b0-1c61-4f54-8dc5-3881eea14790","خلق سبک‌های خلاقانه برای هر مناسبت","7","","false","4"
"70ad1edb-5034-4c7c-bbe5-c1bfcfb37914","3dbb1478-8d12-4f77-9fd3-3525e9b95377","null","مدیریت و اصلاح ریش","3","لاک ژل","true","1"
"5a3ae573-857b-4f52-aef9-f6d5adbd8528","3e6dd179-ef22-41f5-b69f-6199612f7332","d8d71cf3-1453-49e3-aae3-75ed776ea2b3","طراحی ناخن‌های خلاقانه","8","مانیکور اسپا","false","1"
"b090fd04-75bc-468c-835a-7b01f7570fa1","7bca729a-9d74-4be7-863f-2be17fbc64d1","e71d301b-6b5d-4fd1-8caa-b9fbaeb3a361","فناوری مدرن برای پوست صاف","9","ترمیم ناخن,کوتاهی موی مردانه,مدل دادن مو","false","2"
"1eb2559f-9676-463e-8777-adb23361323b","32ee10d3-49aa-4565-8f3a-fa16e7ec8bf1","null","کوتاهی مو کلاسیک و مدرن مردانه","7","پدیکور اسپا,درمان لک با لیزر","true","1"
"cae1df70-f642-4225-8815-50f6312483dc","288cd4f1-bd1d-4a01-86e8-7b933ad2dc32","null","افزایش زیبایی صورت غیرتهاجمی","1","","true","3"
"813579a8-e001-4ff9-857b-168d02bd6470","a5edacc4-8714-471e-892e-d73a7e2c12a0","a91b72e2-10d1-4c2c-bb09-f4c699d966d3","خلق سبک‌های خلاقانه برای هر مناسبت","6","مانیکور اسپا,کوتاهی موی مردانه","false","3"
"22faf9f4-0d1c-482f-9a3c-97f297d4c360","bc8cebc3-380f-4cb9-a1c7-6cb76647466e","null","حذف موهای بدن و صورت با تخصص","6","کوچینگ سلامت","true","2"
"32319462-ec6a-4e2b-a44b-ce4609d5ad24","4e6eb60d-09de-4824-b257-705692282cfb","57bf8b52-b219-4b96-82f0-4a1638c2a1aa","مشاوره شخصی در زمینه آرایش","8","لیفت پوست,فر کردن مو,جکوزی","false","4"
"94965dfb-5554-4ce5-956b-0c1a3e6c49d1","3f2b1c89-370a-4213-8773-0778bdce5273","e7546a87-7041-4376-82ee-b509887aaddf","متخصص در تاتوهای واقع‌گرایانه و هنری","5","ماساژ سوئدی","false","1"
"afb96181-07c1-459e-9137-6624050a35e0","9314c648-e289-4fc3-ab56-733e8c9dee17","3d75175e-1669-4e66-9ef3-fc840cedff09","ماساژ درمانی و آرامش‌بخش","8","میکاپ عروس,کرایولیپولیز (کول‌اسکالپتینگ),میکاپ نامزدی","false","2"
"f95ab1e1-e120-4d69-9bc0-14a68937587d","a8982683-cfb9-415b-bf69-7d5038c7155e","57bf8b52-b219-4b96-82f0-4a1638c2a1aa","خدمات شخصی آرایش مردانه","2","لیفت با نخ","false","3"
"3390561c-5c52-4e12-98bb-a408d95420b7","0848807b-1a7c-4f2a-802c-00f0f0e4bd03","7ce16c86-0512-45a4-917a-fc7b3f366cb1","متخصصین حرفه‌ای مراقبت از ناخن","8","","false","0"
"41231b0c-c1d3-4345-8091-15db7ae16b53","593f5095-cbc1-430f-8293-6ca70fbc97d2","null","خدمات شخصی آرایش مردانه","7","اکستنشن مژه","true","1"
"9a0a18ac-e13f-4f5e-a831-b0f9229cbdc9","2e4a4866-81e4-4ee4-8ae8-e606a222b1fe","2d61458d-d6b4-4352-bc8a-960acbd916ab","حذف موهای بدن و صورت با تخصص","3","پیرسینگ بینی,درمان پوست سر,فیلر پوستی","false","1"
"1a5ce913-3757-45af-9c8f-c6d211361571","0d943c4f-b21a-4f7f-8dfe-220896acb0e1","3cf1b821-49f3-4e52-8eb2-eabacc9187e8","آرتیست‌های خلاق برای سبک‌های منحصربه‌فرد","9","کوتاهی موی مردانه","false","1"
"0e4ed032-23fc-4860-bfca-4b40df1e5c2c","61a15f86-2119-4ec5-bbae-5304fddab5f6","57eef6ce-427d-4518-8559-11ce0eaa4bc7","مدیریت و اصلاح ریش","4","","false","0"
"8264c18e-1660-4d5b-8d71-9f32e048f810","5f048315-97ed-448f-a91c-68f1d359d54d","88e15ef4-a98f-49ec-b141-4efa3968663c","حذف موهای بدن و صورت با تخصص","1","ماساژ سوئدی","false","3"
"030c49c6-2cbb-47ba-ab79-8e9d882901f6","7bbe6dac-2823-4880-9b60-d3b761129c28","7ce16c86-0512-45a4-917a-fc7b3f366cb1","ماساژ ورزشی و بافت عمیق","1","","false","4"
"47bbc4c2-2f6e-463f-b9c5-d8cb94919e95","562ec5f0-d766-4f3a-b6af-e5146ce54282","d69124f7-4202-4aed-ac28-43b0f6d6d344","کوتاهی مو کلاسیک و مدرن مردانه","6","مانیکور کلاسیک,میکرودرم ابریژن,تاتو بزرگ","false","3"
"e168d1bc-e32c-4054-9e87-28de05560f71","040da7ff-2913-4ae4-afb6-69d6189e3361","aafaa2a7-6999-4613-8ade-01576c757647","فناوری مدرن برای پوست صاف","6","","false","2"
"225be3ff-f1e5-4652-bd09-2a33c7fd8028","2ca31b36-cd01-45e3-a1e8-2d1359a3c012","fb577516-0627-447e-86e8-7c56b87681ff","مدل‌های به‌روز برای خانم‌ها و آقایان","1","ماساژ سنگ داغ","false","4"
"4cc544a0-c132-4c27-a686-6f6ba018cb0c","93a19284-a364-442a-b186-46dbf2e33453","66efb584-62c1-4b7e-b7bb-e8326eef3945","آروماتراپی و خدمات سلامت و آرامش","0","","false","4"
"22131da7-49f8-453b-bde2-2407bbd8f6e2","63cfa668-57a8-4b36-946b-705776400472","dfd54824-7756-43ae-aa44-3b66a23a4452","جلسات آروماتراپی و سلامت","6","میکاپ عروس,پی آر پی (PRP),مدیتیشن","false","0"
"bf5bcacc-0d95-4453-be78-684af3304c00","7fb6033b-1ac7-4174-a192-8770eb99734b","ebecc6c5-620c-4638-87e8-adc4c5b3f6db","جلسات آروماتراپی و سلامت","5","درمان لک با لیزر,پاک کردن تاتو با لیزر","false","2"
"8cf59963-d2e9-4ced-bdfb-6ac2b5e41b73","d342fb86-9073-4d33-bf1f-7d919d931233","847176b0-1c61-4f54-8dc5-3881eea14790","تجربه لوکس اسپا برای آرامش","1","درمان عروق با لیزر,کوتاهی موی زنانه","false","3"
"903e41c4-a7fd-4216-b8e6-d6adb6339a16","a1508a9d-a8f5-42ca-aeba-8ac94a5ee558","47f41487-6b45-4015-bed6-de0ec198fca8","رعایت بهداشت حرفه‌ای و ایمن","9","حجم‌دهی لب,حجم‌دهی لب","false","3"
"db9cbe22-130d-4408-8775-2b73c4a0e652","d06a932f-b60e-430e-a2ee-a4784d262719","9b108088-5f1f-410e-95d1-c5f97f07c940","متخصص در تاتوهای واقع‌گرایانه و هنری","3","لاک ساده,لیفت مژه,ماساژ سوئدی","false","4"
"1ddd23ab-e116-4b70-a5a7-361cd3adac8a","c6e92133-e750-4e24-a4d0-93154131cab2","379e6f7c-8b31-4387-93ed-df733b67c890","لیزر و درمان‌های ضد پیری","1","","false","1"
"ed7d6180-ecb3-4d54-9db3-c8cfdacebbb4","20f5ba75-e115-4379-b649-bf9d340b298f","null","مدیریت و اصلاح ریش","6","ماساژ سنگ داغ,ماساژ سوئدی,طراحی ناخن حرفه‌ای","true","4"
"d2da7c47-a2cd-4a4a-a35c-51a79c332bc9","dfc9c27b-8b9f-4d5c-bc42-a8b608ed20e0","6b376aa4-5511-4813-8f35-d4e1b64dd327","لیزر و درمان‌های ضد پیری","4","","false","3"
"a1b5852e-ead8-4f0a-8d0b-52ea9d427b9a","37ab9718-9aba-4fbd-8951-ff4454ec5738","7a85b889-854e-45fd-bd1b-05fbd2d27365","ژل، اکریلیک و مراقبت از ناخن طبیعی","8","لیزر موهای زائد","false","3"
"e853ac4c-03a5-4923-9a8a-cde88ba896ea","5d2fa279-56dc-4202-a911-26b91fcc494b","dea8ea2f-4ba2-4720-be18-ce5f549b27b5","مدل‌های به‌روز برای خانم‌ها و آقایان","5","کوتاهی موی کودک,ماساژ زوج,ماساژ سوئدی","false","3"
"38222567-8cb2-48b6-af22-116b2515965a","a09e9ff6-76b4-46bf-a306-b23fe2198d6c","dfd54824-7756-43ae-aa44-3b66a23a4452","مشاوره شخصی در زمینه آرایش","9","اصلاح ریش,الکترولیز موهای زائد","false","1"
"0a03dbbd-cd2f-45bd-ac50-6ee5cf690686","46cf45f4-2b62-4704-ac02-34ebdf553001","2d95b687-3b23-4a33-9e4f-5def4a5ef452","مدیریت و اصلاح ریش","2","ماساژ ورزشی","false","0"
"563fe0b8-376b-4c7c-904c-f05f350a4669","8ee2bba8-4ebf-4b66-b4b5-0dd7e1264ab2","86e142ba-5704-485a-bf71-622364f2beeb","طراحی تاتو و هنر بدنی سفارشی","4","پی آر پی (PRP),میکاپ روزانه,پیرسینگ گوش","false","1"
"492d612b-3154-4496-a6ab-e12a1bd63067","a3e471dc-04bc-44ea-94a5-97fb2692b888","b4a8000e-abf3-4a55-87e7-a75e302fe87c","درمان‌های زیبایی و مراقبت از پوست","1","","false","1"
"fa3a6dbd-06f0-44fc-86d5-79838da3a4d8","0374db67-efa4-4b78-8f9e-1c211a1edbde","3c212ac3-00f3-4b21-bb5c-013d37dba122","درمان‌های زیبایی و مراقبت از پوست","7","اصلاح صورت,لیزر موهای زائد,پیرسینگ بینی","false","2"
"061e2d51-4aed-4915-a32a-95b391f8055c","8086ab56-e341-4216-bdec-f71edbf21317","41ccf451-346d-48d4-8bdd-77914788daf4","خدمات پیشرفته لیزر برای حذف مو","8","میکاپ مجلسی,ماساژ آروماتراپی,درمان عروق با لیزر","false","2"
"bc19b9cb-d919-483b-8ec3-f93d6aabfecd","8d339272-b2bb-4a64-9976-34efd71d9992","dfd54824-7756-43ae-aa44-3b66a23a4452","خدمات مانیکور و پدیکور","9","فیشال پاکسازی عمیق,فر کردن مو","false","3"
"281c7465-231f-4698-8e72-ec9639630f37","7c2c6c24-d758-47cb-8579-03e9e699dbc2","fb577516-0627-447e-86e8-7c56b87681ff","درمان‌های ایمن و مؤثر","2","اصلاح صورت","false","3"
"170eff04-d788-4acb-9b27-d2b24c3f323e","83cb2898-a7be-45f6-8dbf-19e3cbc37396","847176b0-1c61-4f54-8dc5-3881eea14790","متخصصین ماساژ با تجربه","5","","false","3"
"1da20b9a-206c-49ca-b468-2547a772b9fb","12986b35-9d55-4b25-8faf-7f92b6307a1a","05de3e30-01f9-44eb-9f0a-dec4813265cf","تجربه لوکس اسپا برای آرامش","4","مزوتراپی","false","1"
"a9f3d491-bb7a-4fc1-9063-1ee15f4ed453","e4514d6f-69f7-4f90-b1c1-103bce5e9d8e","087867e0-792d-4bae-872c-f19e6a5cdc25","درمان‌های آرامش‌بخش بدن و ماساژ","7","میکاپ روزانه,کوتاهی موی مردانه","false","2"
"1cf923fd-10a4-42ba-9c0b-3e660c1c93c8","94347876-f6b9-4df1-a43e-7f575e586b37","971bc0cb-7039-4762-9360-02f8ad48fe8d","آرتیست‌های خلاق برای سبک‌های منحصربه‌فرد","8","اسکراب بدن,مدل دادن مو,استایل ریش","false","1"
"3fe75886-82cc-4974-94c4-8a0857f01e27","849b19fe-f867-4f6a-9aba-e073a75b2da3","ebecc6c5-620c-4638-87e8-adc4c5b3f6db","رعایت بهداشت حرفه‌ای و ایمن","4","","false","4"
"a17a8efb-cb56-4a04-b3e0-42363bb2e443","ece90a21-fd8e-43c1-bbc7-e3c1b8671692","a91b72e2-10d1-4c2c-bb09-f4c699d966d3","درمان‌های پیشرفته زیبایی","7","کراس‌فیت","false","3"
"33436f04-ca56-4583-9015-cc9a0b5fb72b","d3132b60-0e97-455e-8cbb-26a80f1852ad","2b82aa55-7f68-4919-b4a7-af853c239f83","رعایت بهداشت حرفه‌ای و ایمن","7","اتاق بخار,میکاپ مجلسی,پدیکور کلاسیک","false","2"
"e423166c-2375-4d41-a386-c1db2667c7f7","a84e2e35-3cf3-4893-abc0-a01dbb0f60c6","d69124f7-4202-4aed-ac28-43b0f6d6d344","جلسات آروماتراپی و سلامت","8","","false","0"
"988089a0-c9cf-464b-b685-4091b446d7d2","e0e25265-c3e5-4a29-ba88-375a1cba850e","1f27537b-45d5-4dfd-b89b-bd552582994c","حذف موهای بدن و صورت با تخصص","5","اپیلاسیون با IPL,مشاوره تغذیه","false","0"
"d11c91f4-4967-46b4-8b43-8425091b65e3","f70d8770-c15d-4fd9-a533-0a94ee6c5769","31f07417-b9d4-4a36-8f47-c0311b2b831d","ژل، اکریلیک و مراقبت از ناخن طبیعی","1","تاتو بزرگ,کراتین مو","false","2"
"80594d4d-57ed-48f4-b5fb-a01ba66e627e","3a964118-35f6-4894-9d1d-9ab2538ac2fa","dea8ea2f-4ba2-4720-be18-ce5f549b27b5","متخصص در درمان‌های مدرن مو","9","طراحی ناخن حرفه‌ای,درمان پوست سر,ماساژ سنگ داغ","false","3"
"b99b9bae-54cb-490b-b7a3-83115ceef169","b2ad9436-2cf9-4448-965b-0d327c436a44","null","راه‌حل‌های زیبایی مبتنی بر متخصصین پوست","1","جکوزی","true","4"
"ddbf161b-6579-4e4c-8f99-f80ead183cde","d7c27277-92c6-4f51-8ba2-0185e2e7c6f0","1b26c45b-eaeb-498c-a1b9-ea98302f2a12","خلق سبک‌های خلاقانه برای هر مناسبت","6","کلاس پیلاتس,فر کردن مو,مدیتیشن","false","4"
"868fb358-2382-40a8-b290-b50d5a1fb468","bd270719-9436-4a7f-8a5d-e014d301c107","628a17e9-f78a-4610-9648-f671d5d4a75c","مدل‌های به‌روز برای خانم‌ها و آقایان","0","کوتاهی موی مردانه,کوتاهی موی مردانه","false","2"
"40413637-0b47-468e-a9a2-d3e842187b1a","65c3012a-4ffb-44b6-93a7-5e43f9e084b1","f1a95326-9ffb-447c-a828-91c1dba993c5","خدمات پیشرفته لیزر برای حذف مو","2","لیزر جوانسازی پوست,سونا,پدیکور اسپا","false","0"
"4f72081b-e047-4aa0-b0f5-75987e6c81a9","56932e15-f955-4e5f-a4d6-30f73e6da190","null","اصلاحگران حرفه‌ای با تجربه","1","ماساژ دوران بارداری,ماساژ بافت عمیق,ماساژ درمانی","true","4"
"287a89ae-b565-4ed5-94cf-47b04c0bdbae","49394e99-be78-4161-b9c1-04d78b2f2949","66efb584-62c1-4b7e-b7bb-e8326eef3945","خدمات مانیکور و پدیکور","8","ماساژ ورزشی,اصلاح ریش","false","1"
"6bfdcd2b-46c2-412d-805a-3e9e2a88e188","975f7ea1-a524-4036-9080-38da11e706e8","null","طراحی ناخن‌های خلاقانه","5","مانیکور اسپا,ارتودنسی نامرئی,رنگ ابرو","true","1"
"1a7dd88d-1e8b-4208-a7c9-f208e654cb33","4e37d89e-34a1-4dcb-822d-78be6551bf33","628a17e9-f78a-4610-9648-f671d5d4a75c","کوتاهی مو کلاسیک و مدرن مردانه","2","تمرین قدرتی","false","1"
"aa35031e-9a31-425a-b55d-701235e3051f","973a69c7-1b89-42e8-abef-64cc6b4c9f11","a994c308-98f0-497d-8417-0bff8f066c7e","درمان‌های پوست و صورت برای تجدید انرژی","9","","false","3"
"f12327db-0e2d-4fa0-838f-f4452e4936f6","2d527131-6265-4a5d-a752-5f9395ee2cda","2d95b687-3b23-4a33-9e4f-5def4a5ef452","متخصصین معتبر در زمینه زیبایی","2","تاتو متوسط,کوچینگ سلامت","false","3"
"63bd27a7-6f42-45f3-af3c-c8e31672bf48","6ce1d41d-926e-4455-ac03-1b57a5ff232c","a91b72e2-10d1-4c2c-bb09-f4c699d966d3","آرایش عروس و مهمانی","3","ماساژ ورزشی","false","0"
"4b49d28c-5fcd-4fd9-98d2-1b646f8311f0","c18796b7-00e8-4837-a535-1c5318e13003","2d95b687-3b23-4a33-9e4f-5def4a5ef452","طراحی تاتو و هنر بدنی سفارشی","1","","false","2"
"692b1506-3ec4-4e6a-abc9-84c589920085","04d96fbe-74e7-4273-9fae-f8467c837a7b","null","راه‌حل‌های زیبایی مبتنی بر متخصصین پوست","9","میکاپ روزانه","true","3"
"9673656b-bd67-41ff-9326-abf493828884","780cef15-e238-4f90-957e-58bf32b59e97","a18da92a-ff08-4313-b65a-afc3aa0062c5","متخصصین حرفه‌ای مراقبت از ناخن","2","کلاس پیلاتس,کوتاهی موی مردانه,جکوزی","false","4"
"fa6842b1-563d-421c-b838-daf085746ed4","adc48d74-7a13-4fa4-ab95-a746fdb18197","dfd54824-7756-43ae-aa44-3b66a23a4452","راه‌حل‌های زیبایی مبتنی بر متخصصین پوست","4","ماساژ زوج","false","4"
"7b34d59b-6f91-4c74-9f9e-7be44f008b44","6815a9d1-bbd0-49b3-82b9-4cdd44bc5be5","628a17e9-f78a-4610-9648-f671d5d4a75c","طراحی ناخن‌های خلاقانه","1","هایلایت و بالیاژ,عصب‌کشی","false","1"
"195a9da7-0e58-4be8-a7f6-42051d48882c","1f347494-81f5-4cee-b3d5-7357469f7271","d4fc3235-a622-4a3d-b623-7929c5e061d6","طراحی تاتو و هنر بدنی سفارشی","5","عصب‌کشی","false","2"
"787c3409-28fa-459d-a419-fb5ccc4e5b0c","b02c235e-4d40-4854-9340-164754f10886","d69124f7-4202-4aed-ac28-43b0f6d6d344","خدمات آرایش حرفه‌ای","3","طراحی ناخن حرفه‌ای","false","4"
"39cf53f4-f235-4d19-a7cc-1987e8993824","f3a8b4e5-c110-46ac-801e-c393db9ba004","null","لیزر و درمان‌های ضد پیری","4","دندانپزشکی زیبایی,کوچینگ سلامت","true","4"
"ed077fb6-6dd7-43eb-b33a-93cf42c7de09","83707e83-aa8b-4e38-ab70-f52755ee2154","05de3e30-01f9-44eb-9f0a-dec4813265cf","خدمات مانیکور و پدیکور","6","مانیکور اسپا,اکستنشن ناخن,تمرین قدرتی","false","3"
"62fb4428-fe9b-41a0-aa9d-fce4d85aca05","def139ca-3d3a-439c-9a95-01808e749264","379e6f7c-8b31-4387-93ed-df733b67c890","آرایش حرفه‌ای برای مراسم و عروسی","3","فیشال روشن‌کننده","false","1"
"3c7f87f1-8123-4c51-890e-5d1eab4f0fa1","fc0f4367-fbea-4da9-a492-e8e93c64512f","f4949619-40af-4f41-b373-cbfb60025709","درمان‌های آرامش‌بخش بدن و ماساژ","6","ناخن ژل,کوچینگ سلامت","false","0"
"a40b9640-6654-4b8b-98bc-2d0b228d072f","609692ca-b36d-46cf-b194-6cf0f8cd3423","36c3fb1c-13bc-430b-8f7e-2663ea1f0197","جلسات آروماتراپی و سلامت","4","ارتودنسی نامرئی,ایمپلنت,کوچینگ سلامت","false","2"
"769f1b02-85ce-4cfb-8f61-e6671827bd3a","19fb8712-b9cb-4dbb-afd0-41a7e2205dc8","d4fc3235-a622-4a3d-b623-7929c5e061d6","متخصصین ماساژ با تجربه","4","ارتودنسی نامرئی,تزریق بوتاکس","false","0"
"2a307893-52c8-4a3f-97a3-527748e8a1f2","776d80f5-b48e-43a1-a2e7-c1aefb2b8f3e","3a1ecae9-31b9-48f1-bef8-a9052b663817","ماساژ درمانی و آرامش‌بخش","8","پیرسینگ بدن,لایه‌برداری شیمیایی","false","1"
"5c5288d3-1db9-43f2-adfb-be16c25e643f","04e74987-77a7-44be-9713-133ae50e6ad6","d69124f7-4202-4aed-ac28-43b0f6d6d344","متخصصین معتبر در زمینه زیبایی","8","پدیکور کلاسیک,ناخن اکریلیک,فیشال ضدپیری","false","2"
"e3c20ba2-d4a7-4fb7-a737-16a01b115848","79c445b8-ce09-495f-a5c5-7086ea9ed6a6","2a3f08db-18e8-4330-af63-554404cb4d7b","آرایشگران حرفه‌ای با مراقبت شخصی","6","کاور تاتو,لاک ساده","false","2"
"aeda7b73-727b-47b9-b8b4-c889da214dce","039333db-b65b-4f68-bbbb-8c17c8dabbd3","cc7ba8eb-daa6-4118-8e68-c5fe0929621b","آرایش حرفه‌ای برای مراسم و عروسی","6","","false","4"
"91374d6c-a5e2-4e42-84f0-2bba9eaaa342","907e64a1-d1b4-49ab-af9d-9fc53f9f5d58","fa1aff0b-03de-4290-9d6d-ed938ac00513","آرایش حرفه‌ای برای مراسم و عروسی","3","مدل دادن مو,مانیکور اسپا,پی آر پی (PRP)","false","2"
"787060bc-1109-4e0c-b8f8-38a7751b938f","54171fbc-6956-4e7e-aec1-59bf8ef2dae6","null","خدمات مانیکور و پدیکور","9","اصلاح صورت,پاک کردن تاتو با لیزر","true","1"
"78005dab-691e-458c-92f7-ce6742fb3b7d","e8f43404-0f9b-41b9-8baf-264645070e62","cc7ba8eb-daa6-4118-8e68-c5fe0929621b","درمان‌های آرامش‌بخش بدن و ماساژ","2","کراس‌فیت","false","4"
"1b583c55-9d8c-4a33-ad60-0f9fb02b2efa","23f99487-695e-4356-9ee2-ce4a9aaa1a4a","54085d2d-8ffe-4785-8f92-d77c1dfa9bc0","متخصص در درمان‌های مدرن مو","8","ایمپلنت,دندانپزشکی زیبایی,اصلاح ریش","false","3"
"39999382-21c5-4550-b161-e4117c7b7eae","2e12eac1-a420-492f-8f9c-b8bc5f13c059","7a85b889-854e-45fd-bd1b-05fbd2d27365","خدمات آرایش حرفه‌ای","0","ماساژ زوج,ماساژ ریلکسی,تمرین قدرتی","false","1"
"fec7c776-7474-49de-b133-657e01ddf812","1985208f-1e35-45bc-b318-87aa8d389ad8","d0884aaa-ced3-43ad-98f6-b41fe83a1134","آرتیست‌های خلاق برای سبک‌های منحصربه‌فرد","4","","false","0"
"ffe1d6b0-4624-4bee-9112-fcfba20bed12","ddc9fc3f-f5eb-48f4-932b-f6179292d46f","3d75175e-1669-4e66-9ef3-fc840cedff09","خدمات شخصی آرایش مردانه","9","پاک کردن تاتو با لیزر,کوتاهی موی مردانه","false","4"
"6ed42c53-3982-401c-9807-02d7bf1c0c54","ce8de225-f6fe-470c-b5aa-e025d6a43072","b86c49cc-2c8a-46e8-8a9a-e51288089fd5","درمان‌های آرامش‌بخش بدن و ماساژ","7","صاف کردن مو","false","4"
"b4128bd7-0cf9-4c28-a235-b001691a7f5d","5d84b767-a757-43da-804f-09c15603fe06","82bcec8b-5ef3-4ede-9bde-0d9d88540f45","حذف موهای بدن و صورت با تخصص","1","لیفت با نخ,پدیکور کلاسیک","false","2"
"45f43b75-a6bd-4c38-b163-7efbc9b03f03","f78d3673-0f72-4a48-9c80-a4fd1e4ecc75","b977020b-f336-440b-af66-78d59fcb826a","مشاوره شخصی در زمینه آرایش","5","کلاس یوگا,کلاس زومبا,میکاپ نامزدی","false","0"
"f613928a-e310-4e17-8b96-5adc0268fe5e","dad09f17-7ec9-4db5-889a-3be9bf202bd7","3cf1b821-49f3-4e52-8eb2-eabacc9187e8","کوتاهی مو کلاسیک و مدرن مردانه","1","هیدرافیشال","false","0"
"a8155dd1-4c2f-4e12-bb6d-0fdefaa678e4","15865d12-1bc3-404d-9423-3b63d325ae69","c49420ee-a7b1-4f0e-ba3d-72679bf9dcf0","مدل‌های به‌روز برای خانم‌ها و آقایان","6","","false","4"
"ed65e2d8-bc0c-4ba4-8ff5-c514181978a8","38ff1719-8aec-484c-9362-6086c38998e8","da1edbfe-379f-4d71-870f-5abe7807409a","آرایش حرفه‌ای برای مراسم و عروسی","7","ویزیت دندانپزشکی,درمان لک پوستی,ماساژ بافت عمیق","false","4"
"9c0cade7-79ca-40a9-833b-a7a2a1d5167c","03ea2e91-a810-48bb-9229-e5601b61c62f","1f27537b-45d5-4dfd-b89b-bd552582994c","ماساژ درمانی و آرامش‌بخش","6","اپیلاسیون با IPL,تاتو کوچک,رنگ موی مردانه","false","1"
"9e4e41e4-b6d4-47ef-a4d1-171f39e21ee4","c7535595-0c0c-40c8-97d9-dca774163d09","null","خلق سبک‌های خلاقانه برای هر مناسبت","0","لیزر جوانسازی پوست,رنگ مو,مزوتراپی","true","2"
"5a45392b-ebbc-4ca4-826e-b949cb566738","44a5ea4b-182d-40ec-b188-6005a6c5a9db","66efb584-62c1-4b7e-b7bb-e8326eef3945","راه‌حل‌های زیبایی مبتنی بر متخصصین پوست","8","تمرین خصوصی,لاک ساده","false","3"
"d50b3f37-43d3-4a77-b85e-a096ae5d1f5b","84747a79-a9a0-4a34-8feb-4b7339c97099","7ce16c86-0512-45a4-917a-fc7b3f366cb1","خدمات شخصی آرایش مردانه","1","میکاپ دائم,کرایولیپولیز (کول‌اسکالپتینگ),ماساژ سوئدی","false","3"
"1c723a35-6947-4a1f-8a0f-a6fc2788b690","dcc58737-6a8d-4ace-9873-0e96a9398f9b","f6647b4b-1dee-4fdd-bd79-531fb40e659a","درمان‌های آرامش‌بخش بدن و ماساژ","7","تاتو بزرگ,میکروبلیدینگ,هایلایت و بالیاژ","false","3"
"6bda61ff-1b4c-4a4b-b741-510b20dd1051","7e28d7b0-1a45-4371-8fb3-19db66cb8a31","f29b09f9-0722-42c0-9af7-a704aea39992","اصلاحگران حرفه‌ای با تجربه","8","لیزر موهای زائد","false","0"
"a8ecb7e6-9273-41ce-9ae8-0dbc3d2e4092","ec07a4ee-c641-4ed0-bb92-9901430c5a1c","f4949619-40af-4f41-b373-cbfb60025709","مدیریت و اصلاح ریش","5","عصب‌کشی,دندانپزشکی زیبایی","false","0"
"fa3501f5-d490-49af-bbbc-570fd94859f4","2b8e575c-96f4-4889-948b-402342dd14b5","c49420ee-a7b1-4f0e-ba3d-72679bf9dcf0","رعایت بهداشت حرفه‌ای و ایمن","5","","false","1"
"c0abcfe3-eb90-4510-be90-21adcc34e61b","a704052e-2c32-4172-b50f-26ccb9fcc209","7ce16c86-0512-45a4-917a-fc7b3f366cb1","افزایش زیبایی صورت غیرتهاجمی","7","ماساژ زوج,اصلاح صورت,برنامه سم‌زدایی","false","4"
"7b1aaab2-bf68-4250-9fd0-8963f96e8161","6993109b-b64c-410a-b6b1-192f28df3223","d8d71cf3-1453-49e3-aae3-75ed776ea2b3","ماساژ ورزشی و بافت عمیق","9","اپیلاسیون با IPL,پیرسینگ بینی,لاک ژل","false","1"
"75800ddc-aa91-4bc3-ae43-bad8b6be09ce","c766565b-014e-4bc3-bed3-2bea925daa02","7192656d-e897-4628-8750-1b9ee24b9349","حذف موهای بدن و صورت با تخصص","4","","false","4"
"f246b05c-4d46-43c5-aca4-2512d1ba7ccc","24b5234d-339d-4923-933a-5d3a1abf00c7","628a17e9-f78a-4610-9648-f671d5d4a75c","آرایشگران حرفه‌ای با مراقبت شخصی","7","پدیکور اسپا","false","2"
"aaaa80a3-06ba-4060-b8d2-3f756f39bfbd","0ed2ff2d-04c4-4774-864e-f0fdcf94e9e3","f6647b4b-1dee-4fdd-bd79-531fb40e659a","طراحی ناخن‌های خلاقانه","0","لیزر جوانسازی پوست,ماساژ دوران بارداری","false","4"
"52600b80-8c4f-4b61-a8d9-42cfdba50128","261e22c7-d350-45a4-a0c8-7549e9c5e456","7171897e-78db-4474-8ca5-254a2d256130","خدمات آرایش حرفه‌ای","4","اصلاح ریش","false","4"
"07aa64e8-f224-4ef2-9ab3-7ea848821d46","7a2175d0-ed2f-41f4-93ce-5004360feb19","aafaa2a7-6999-4613-8ade-01576c757647","رعایت بهداشت حرفه‌ای و ایمن","0","اتاق بخار,پی آر پی (PRP),تاتو کوچک","false","2"
"8f46d8f2-ea6d-4c52-bf1e-866eb06c0bf6","2fd93868-d28b-47cb-b685-33197c0544e8","e8f14bd1-02a3-4948-b2e3-d3b3b0184466","درمان‌های آرامش‌بخش بدن و ماساژ","8","","false","3"
"bbe4624b-b521-4f95-a0ea-88523314b54d","fb73472c-e58e-4a7e-9124-5a3a2c88c625","f11a7e28-f354-4faa-bc25-9c0bdaae974b","ژل، اکریلیک و مراقبت از ناخن طبیعی","0","درمان آکنه,تمرین خصوصی","false","1"
"888bf5bb-d35f-4eac-8c7e-99c0a8cd6530","9688f969-49ac-4315-8f85-87d983b359cd","2d95b687-3b23-4a33-9e4f-5def4a5ef452","خدمات شخصی آرایش مردانه","2","درمان عروق با لیزر,جرم‌گیری دندان,صاف کردن مو","false","1"
"f0667597-9ebd-42b7-a166-0de5cedc30d7","105a64b9-565f-466b-bd66-245f077f129a","eec527f6-c2be-4328-ba39-b0153150c02a","آروماتراپی و خدمات سلامت و آرامش","6","میکاپ دائم","false","0"
"a5b60502-b372-4d94-91d1-d697a5e817dd","e1287691-86c2-4111-a5bd-741c5ffbf764","aafaa2a7-6999-4613-8ade-01576c757647","آرایش حرفه‌ای برای مراسم و عروسی","5","طرح حنا,هیدرافیشال,مانیکور اسپا","false","0"
"74083353-98b0-481b-bb7d-42dd150988dd","5bf6316d-15e7-42b8-867d-8da4d4a1a42f","8097f69b-fd39-48dd-b39a-64b4eebebefe","اصلاحگران حرفه‌ای با تجربه","8","","false","3"
"958b836d-870e-4c46-9a1a-1a74c022efcf","25c72c3a-6692-42e0-9322-5cc2bf18d0ee","f7d9059d-6f8f-4647-ba19-a3b30834228f","مدیریت و اصلاح ریش","0","برنامه سم‌زدایی","false","0"
"3b1204f8-0232-4963-baed-5ca21e1c278f","11fe7fe7-02d9-4dd4-9bf0-ebda3c19c678","aafaa2a7-6999-4613-8ade-01576c757647","جلسات آروماتراپی و سلامت","3","کوتاهی موی زنانه,جکوزی,ونیر دندانی","false","4"
"f5c4f873-f61a-4c26-bc9e-c93f8ff3442b","c7d41ed1-8c6e-484f-9386-15e5bd3fb18c","a07d02e3-4c33-4acc-a985-ce90dad77cf5","خدمات شخصی آرایش مردانه","4","ماساژ بافت عمیق","false","2"
"056d3c41-4802-4c2c-aa77-2b8a9c080356","11fbe3f1-5bca-4b97-924f-7daff34a7900","2d61458d-d6b4-4352-bc8a-960acbd916ab","رعایت بهداشت حرفه‌ای و ایمن","9","میکروبلیدینگ,درمان لک پوستی,درمان پوست سر","false","2"
"0b723a03-bde6-4eb3-a9a5-4ec7c22f9653","256a7948-16c0-4be6-b60c-b1c6b4b52934","2d95b687-3b23-4a33-9e4f-5def4a5ef452","حذف موهای بدن و صورت با تخصص","8","پدیکور اسپا,پاک کردن تاتو با لیزر","false","1"
"3b0502db-1e90-4d82-b1ff-f25309a8b7a9","a1e5ac41-1cbd-4ffa-b1f1-b577a52f8e2a","2d95b687-3b23-4a33-9e4f-5def4a5ef452","خدمات مانیکور و پدیکور","7","رنگ ابرو,اکستنشن مژه","false","0"
"5dcdb46b-b0cd-4535-affe-d9eacc8178bb","59ac52cb-4f3c-4359-b993-17d93a9899d2","3c212ac3-00f3-4b21-bb5c-013d37dba122","درمان‌های ایمن و مؤثر","1","","false","2"
"d15f96c3-b81e-4811-bfe4-b25654a62a55","e7817bc9-f4d9-4a7f-8607-07c8f409f8e9","e8f14bd1-02a3-4948-b2e3-d3b3b0184466","طراحی ناخن‌های خلاقانه","1","درمان پوست سر,لیزر جوانسازی پوست,ماساژ تایلندی","false","0"
"d73d6ac9-4df4-4ae0-8904-ccc8ca8705a3","6de2052c-d318-42f1-a7f6-ef4f1930fd76","null","افزایش زیبایی صورت غیرتهاجمی","7","","true","3"
"8e31cae8-45b2-44d4-ba1a-1a66c2d8a6a4","ffeaf7fc-d16c-44df-bfa7-554b24920708","b86c49cc-2c8a-46e8-8a9a-e51288089fd5","مدل‌های به‌روز برای خانم‌ها و آقایان","4","فرم‌دهی بدن","false","2"
"b02a9585-7f0a-4b75-871f-945074b9a7b1","0f0d2b9c-27e1-4376-8538-e56aea8c26de","9e6c1de0-cb85-4e26-97a2-ed884674b083","درمان‌های آرامش‌بخش بدن و ماساژ","0","حجم‌دهی لب,لاک ژل,کوتاهی موی مردانه","false","2"
"efc5ce2d-dc24-438f-87c5-72fa53d93c67","8e7ac988-9800-4de6-b811-e2c79329f0ac","9b108088-5f1f-410e-95d1-c5f97f07c940","آرایش عروس و مهمانی","1","درمان عروق با لیزر,پدیکور کلاسیک","false","1"
"26d889e7-fc0e-4bbc-b72b-c6ffbf093d76","1cbc0be3-f925-4ae3-a3ab-14293a7d395a","null","تجربه لوکس اسپا برای آرامش","4","کلاس یوگا","true","1"
"f5b49368-bdac-4133-93c6-f1364c597758","c8dedd1e-b13d-4b43-8e6a-8f19f66f90f2","b4a8000e-abf3-4a55-87e7-a75e302fe87c","حذف موهای بدن و صورت با تخصص","7","ماساژ آروماتراپی","false","1"
"cea7fb4b-2a28-4fff-a09a-d0e33893e253","3295cc72-1324-4be5-bee2-4e55495e6cb8","67bac426-0468-422d-bb83-cab374d358b2","درمان‌های پوست و صورت برای تجدید انرژی","7","لیفت با نخ,مزوتراپی,اتاق بخار","false","3"
"04701a21-0560-41b8-8dd6-602f2ad4c542","d07e615a-caa2-4ee7-88db-eaa2e680f390","47f41487-6b45-4015-bed6-de0ec198fca8","ماساژ ورزشی و بافت عمیق","8","میکاپ عروس","false","4"
"f93d45f2-d9bc-4e75-b93f-20dbe312e75a","cb42e823-71a9-47a2-b526-4bd0f667d9b3","2b82aa55-7f68-4919-b4a7-af853c239f83","جلسات آروماتراپی و سلامت","7","","false","3"
"7f9942fd-da04-4840-b014-2756e69f8fb1","8bab234f-6a05-450a-bda2-0ec9c35f774f","f4949619-40af-4f41-b373-cbfb60025709","درمان‌های آرامش‌بخش بدن و ماساژ","4","لیفت مژه","false","0"
"3e9c8cfa-c6d4-4c78-94ea-5fb87cddd9c8","a00eb136-9f45-4215-9e49-7e98a323f426","82bcec8b-5ef3-4ede-9bde-0d9d88540f45","درمان‌های پیشرفته زیبایی","0","سونا","false","3"
"ae435fd0-e84c-498e-b1be-de3c704aff3e","1edd2b84-1fbd-4fa9-b570-e19a25f72a34","da1edbfe-379f-4d71-870f-5abe7807409a","متخصص در تاتوهای واقع‌گرایانه و هنری","4","ماساژ ورزشی,درمان لک با لیزر,ونیر دندانی","false","3"
"0ab8dcb4-fdbd-4eca-967c-ea5e1ec87d95","38a1d2d1-428d-4e5f-96a8-7d11ae75f6dd","dfd54824-7756-43ae-aa44-3b66a23a4452","ماساژ درمانی و آرامش‌بخش","9","","false","0"
"2c9dbc5e-dbb5-43a0-b13a-43191c88ef6e","bc505eca-2f67-49f5-9965-5defba33c353","38d65e00-8d87-488a-87f3-4d4e2e540a09","متخصصین ماساژ با تجربه","9","","false","2"
"944ed465-42ac-411a-8b74-b85c53bc3cc4","5868e332-d7c8-4123-9ed9-9062bb9a8b42","null","خدمات شخصی آرایش مردانه","0","فیشال روشن‌کننده,میکرودرم ابریژن","true","0"
"7af7702a-4948-43c7-af0c-90c4523d4f7b","bf44fe94-4028-4749-b08d-5a8a6aec4b84","01cb79c0-82be-418a-8820-626797e2d609","مشاوره شخصی در زمینه آرایش","8","اسکراب بدن","false","1"
"e9b1c646-c8c2-4690-86fd-f47849bae101","5267fbe0-d502-44d5-be42-d9a92949ff96","cc7ba8eb-daa6-4118-8e68-c5fe0929621b","لیزر و درمان‌های ضد پیری","1","درمان عروق با لیزر","false","1"
"a0f30567-db75-4571-840d-3671bdd50ab9","51a431e5-853c-4117-bd17-043117795632","2d95b687-3b23-4a33-9e4f-5def4a5ef452","درمان‌های پوست و صورت برای تجدید انرژی","6","برنامه سم‌زدایی","false","0"
"2b3000ea-1d11-4cbb-a35c-3faab1c6e773","412165b2-ae3f-4962-8f26-370de0bf0095","null","جلسات آروماتراپی و سلامت","8","مانیکور کلاسیک","true","3"
"dd8cbdc0-145a-433f-881a-775ba7dc9c79","2a7613d5-f20b-4f50-83d3-30a0bf72b0ea","971bc0cb-7039-4762-9360-02f8ad48fe8d","متخصصین حرفه‌ای مراقبت از ناخن","5","رپ بدن","false","3"
"b546b867-a4fd-4013-8878-932d166c401d","0e989672-42b9-4dd8-baf8-2f91e5fd9a98","3c212ac3-00f3-4b21-bb5c-013d37dba122","ماساژ درمانی و آرامش‌بخش","4","حجم‌دهی لب,اکستنشن ناخن,کاور تاتو","false","4"
"bee3a6dc-5d1f-4071-96af-4da9687a8c8f","ac762322-5280-4ef5-80da-642feaf3da0b","31f07417-b9d4-4a36-8f47-c0311b2b831d","فناوری مدرن برای پوست صاف","8","میکرودرم ابریژن,میکروشیدینگ","false","1"
"2cae8eec-ca70-478f-b77b-b0a0d9d6e0d0","0168acd7-b6e3-4aa2-adb1-d4d115e14476","54085d2d-8ffe-4785-8f92-d77c1dfa9bc0","اصلاحگران حرفه‌ای با تجربه","7","","false","2"
"6966f221-90d0-4115-b917-1e203d21fec5","88a1b452-5edf-4dd1-a594-8b46d06e7429","null","متخصصین معتبر در زمینه زیبایی","8","تمرین هوازی,لاک ژل,تمرین خصوصی","true","2"
"2c4ac186-62a9-4144-9339-c4165503d1d7","b89bddd7-c18a-44cb-9e3a-a03821221620","f11a7e28-f354-4faa-bc25-9c0bdaae974b","اصلاحگران حرفه‌ای با تجربه","8","درمان عروق با لیزر,لایه‌برداری شیمیایی,اکستنشن مو","false","3"
"cb49f6e0-94cc-4e01-9c25-9bd25ef3c16b","69650cb3-e3cc-4596-b713-d8fc757e1bb5","099f4937-01a4-4e9a-b169-94f22b7e24ba","خدمات پیشرفته لیزر برای حذف مو","4","","false","3"
"bf49fe66-e5c2-46ae-be77-387c2d48bec0","bcbee781-e263-434a-9258-f22998f5793e","2eb72844-2023-44fd-b8af-cf98e8c19ac0","متخصصین حرفه‌ای مراقبت از ناخن","9","اکستنشن ناخن,مانیکور اسپا,طراحی ناخن ساده","false","0"
"02470b4a-68e0-4722-8cca-8366b561acd5","89454922-4e9e-4ef0-a70d-bd1aff9ddc61","f7d9059d-6f8f-4647-ba19-a3b30834228f","متخصص در تاتوهای واقع‌گرایانه و هنری","0","دندانپزشکی زیبایی,ناخن اکریلیک,رنگ موی مردانه","false","2"
"0276ec48-8943-4228-bc54-fdcd356fface","f2607793-9024-4414-bd35-30130c7ef105","null","مشاوره شخصی در زمینه آرایش","3","میکاپ نامزدی","true","1"
"cf822662-1d10-4591-ba28-239f344f6014","640f5608-8d71-452c-8529-875fbcc8e369","54085d2d-8ffe-4785-8f92-d77c1dfa9bc0","ماساژ ورزشی و بافت عمیق","1","","false","3"
"65387700-a2c7-4e5a-893a-4eac09d41c22","63edb194-792e-4c00-8b06-50245c839eb5","null","رعایت بهداشت حرفه‌ای و ایمن","2","","true","0"
"91801d46-898f-41a1-9248-9763b92c8591","b3a19222-cfd3-4ee9-a28c-5f6e0654d8be","fa1aff0b-03de-4290-9d6d-ed938ac00513","درمان‌های پوست و صورت برای تجدید انرژی","8","میکاپ مجلسی,پاک کردن تاتو,پی آر پی (PRP)","false","0"
"33c73043-129c-4f5d-beb5-aa7f870ccfbd","d9b8d64b-341d-412e-a4ca-e6322fd8da1a","9e5c7c74-24fa-4a19-9c35-e49eed74406b","حذف موهای بدن و صورت با تخصص","1","","false","0"
"720d49b5-97f0-4a5d-bb48-9380bf116e8c","8a6c2c65-ea8b-4f4f-872e-bbad284a239d","86e142ba-5704-485a-bf71-622364f2beeb","اصلاحگران حرفه‌ای با تجربه","2","کوتاهی فید","false","2"
"b28d871b-969d-44ed-835d-272ee879dfa4","570a2531-2091-4e2e-a3e4-8b6df4528db5","null","درمان‌های ایمن و مؤثر","2","تمرین خصوصی,تاتو کوچک","true","2"
"c11b9189-78cc-41df-b75a-a05a2eced4a7","6c036932-a541-4431-a373-07227bf9ef89","2b82aa55-7f68-4919-b4a7-af853c239f83","رعایت بهداشت حرفه‌ای و ایمن","0","اکستنشن مژه,میکاپ مجلسی,تمرین خصوصی","false","1"
"c493fbab-50d8-41ab-ba14-b818539b77a4","db4e8d16-479b-475b-a046-8c6e1d36fe20","3cf1b821-49f3-4e52-8eb2-eabacc9187e8","مدیریت و اصلاح ریش","2","","false","4"
"5c1864f2-ceff-42f3-aa88-17bd0235dfe2","11005ccd-2d6f-4a51-87fa-a9b14a6d4263","86e142ba-5704-485a-bf71-622364f2beeb","تجربه لوکس اسپا برای آرامش","8","فیلر پوستی","false","1"
"5b2dc2f4-ea59-49dd-981a-b04b9d26ad8a","4cd4a9bd-3792-45d3-b81e-b1d18fbfcc86","3c212ac3-00f3-4b21-bb5c-013d37dba122","مدل‌های به‌روز برای خانم‌ها و آقایان","7","طراحی ناخن ساده,میکروبلیدینگ,ارتودنسی نامرئی","false","2"
"3442cb0b-c112-403f-94d7-918bbe5a9f2a","115c395f-ca9a-466d-9c18-9f02c0de9367","b86c49cc-2c8a-46e8-8a9a-e51288089fd5","درمان‌های ایمن و مؤثر","3","میکرودرم ابریژن,اصلاح صورت","false","3"
"d8816559-2f89-4859-a2d2-5dff19b74c54","df3ae397-7036-4a9a-8a80-b324b55e2461","a07d02e3-4c33-4acc-a985-ce90dad77cf5","خدمات آرایش حرفه‌ای","1","کوچینگ سلامت,کراتین مو,میکاپ عروس","false","3"
"3c11bc15-0ced-4b87-97ee-ba781ad64974","0ed45a5f-f14e-4423-92e3-64d9187e0737","a91b72e2-10d1-4c2c-bb09-f4c699d966d3","راه‌حل‌های زیبایی مبتنی بر متخصصین پوست","6","اکستنشن مو,درمان لک پوستی","false","0"
"c21f7c8c-8578-4b20-a6db-0c2d98a7d94b","74774780-c40a-41b9-b156-6c15633852dc","8097f69b-fd39-48dd-b39a-64b4eebebefe","مراقبت حرفه‌ای از پوست و بدن","2","کراس‌فیت","false","0"
"1f052750-15c8-49bf-937b-c2accb570927","14935681-310c-4f1e-a7dd-747181115be7","2b82aa55-7f68-4919-b4a7-af853c239f83","متخصص در درمان‌های مدرن مو","7","استایل ریش,ماساژ آروماتراپی,هیدرافیشال","false","1"
"4e712e4b-4822-43e2-9f2f-961907ff938b","1e2bffad-c265-48d2-ab01-8217af994d75","d8d71cf3-1453-49e3-aae3-75ed776ea2b3","خدمات شخصی آرایش مردانه","1","درمان آکنه,ترمیم مو","false","2"
"af7b3cca-aa62-4844-b793-7098dfee0c2c","8267971c-ad4f-4e29-8cdb-3febd02ba13b","379e6f7c-8b31-4387-93ed-df733b67c890","درمان‌های پوست و صورت برای تجدید انرژی","7","مزوتراپی,اصلاح صورت","false","1"
"ae795b85-c73a-45d5-bc4f-56093fa311e7","68753671-8cb2-4e97-ac8a-b7c37dc96ac1","262c832a-9f01-4ac7-8b67-c1c556d319f7","آرایش حرفه‌ای برای مراسم و عروسی","1","تمرین قدرتی,هایلایت و بالیاژ,میکرودرم ابریژن","false","1"
"60d1ca5e-3347-4173-9a9a-2066f41ec7dd","4ffce2ca-41a5-477e-8f56-5020581c1d6d","3cf1b821-49f3-4e52-8eb2-eabacc9187e8","درمان‌های آرامش‌بخش بدن و ماساژ","6","","false","0"
"ede9cb6a-34dc-433b-801e-cb36126c0942","6f487e13-3b03-43a0-9ade-3db486a024ea","aafaa2a7-6999-4613-8ade-01576c757647","خلق سبک‌های خلاقانه برای هر مناسبت","0","اپیلاسیون با IPL,میکرودرم ابریژن,میکاپ عروس","false","4"
"0478cfe8-80ff-4b54-9797-0f9a8becf9a0","a6646fde-fe0c-4200-b67a-d6702ac124e5","3cf1b821-49f3-4e52-8eb2-eabacc9187e8","تجربه لوکس اسپا برای آرامش","8","کراتین مو,اسکراب بدن","false","2"
"ba43d3c7-7b87-4cc3-9d7d-121167a4697e","87676bfd-e48c-4c9a-896c-edeae7e01330","2a3f08db-18e8-4330-af63-554404cb4d7b","لیزر و درمان‌های ضد پیری","1","تمرین خصوصی,اپیلاسیون با IPL","false","0"
"cb8c632f-2447-41f7-aad4-5e4393ac5cd8","0d696cf5-4630-4f61-b0f6-693eb34b6e04","e71d301b-6b5d-4fd1-8caa-b9fbaeb3a361","ماساژ درمانی و آرامش‌بخش","3","هیدرافیشال","false","4"
"5111e26a-302c-43e4-b580-269dcbb5b9ac","a13bc743-0272-4d7d-ac37-4665849723e1","32f294c9-4293-4eef-8c03-4a5717ba66d3","درمان‌های پیشرفته زیبایی","6","رنگ ابرو,لایه‌برداری شیمیایی","false","3"
"ce23d50d-dcca-4897-89eb-e7ceb9fa22c2","aa61887a-e732-43f6-900d-3280d954f231","2b82aa55-7f68-4919-b4a7-af853c239f83","ارائه خدمات حرفه‌ای آرایش و رنگ مو","9","","false","1"
"bd48e085-3cb3-4c31-b7cd-4dcef2296555","817c410a-b454-4b3f-a476-757ff07f8220","05de3e30-01f9-44eb-9f0a-dec4813265cf","جلسات آروماتراپی و سلامت","8","مشاوره تغذیه,فیشال ضدپیری,برنامه سم‌زدایی","false","4"
"b754066d-0504-4f86-ae5b-d8a93a214a08","66767fcd-e7eb-4778-8b16-7c7cd47ca05b","f7d9059d-6f8f-4647-ba19-a3b30834228f","متخصصین حرفه‌ای مراقبت از ناخن","0","پی آر پی (PRP),میکاپ مجلسی","false","4"
"0bac5e3b-9611-463e-be3e-79c634827173","bfb5bba7-b552-4ccb-a6a4-a70cbd50ac69","dfd54824-7756-43ae-aa44-3b66a23a4452","مدل‌های به‌روز برای خانم‌ها و آقایان","3","مانیکور کلاسیک,ماساژ ورزشی","false","0"
"8a3b52c5-e3bb-4e74-804b-51fbbf8e3ccc","5e7d4e0a-4699-4852-a5ce-6ae0da738e9e","null","طراحی تاتو و هنر بدنی سفارشی","5","جکوزی,اپیلاسیون با IPL,هایلایت و بالیاژ","true","3"
"3f49e010-99df-4355-9504-88a8d4a7bfec","52373535-90c2-47c5-8776-80e3419e0b6b","d8d71cf3-1453-49e3-aae3-75ed776ea2b3","حذف موهای بدن و صورت با تخصص","9","حجم‌دهی لب,ناخن ژل","false","1"
"667356cb-9711-4d47-b3ba-499b012c65c2","c267f573-1373-4e18-adf5-1deeaa9121f5","dfd54824-7756-43ae-aa44-3b66a23a4452","خدمات پیشرفته لیزر برای حذف مو","8","ماساژ دوران بارداری","false","2"
"e0b550cf-47a0-42d0-925b-94c8228d626d","69a901b8-5690-4db4-a0b6-b7d7389cec6b","d69124f7-4202-4aed-ac28-43b0f6d6d344","آرایش حرفه‌ای برای مراسم و عروسی","2","طرح حنا","false","3"
"bc7a088b-dbed-4fdb-bb5f-d1948b8a7eef","29e39300-44bc-4520-9bb0-54094947fa83","06012499-12e6-4f07-a15f-0978cb567f61","ژل، اکریلیک و مراقبت از ناخن طبیعی","2","رفلکسولوژی,حجم‌دهی لب,پیرسینگ بینی","false","0"
"89957fb8-6c87-43b7-b272-a8964944dd8b","0b823c3f-f981-4aff-ab49-1a8ecf9585dd","eec527f6-c2be-4328-ba39-b0153150c02a","ژل، اکریلیک و مراقبت از ناخن طبیعی","7","","false","1"
"9df5e36e-92bc-4db0-abbd-33362434f9fe","5d3dcb3e-3b83-4a53-b28c-a1b7c8415859","d96f3d92-f7de-4c06-a215-2d04879050f3","خدمات شخصی آرایش مردانه","5","ماساژ ریلکسی","false","4"
"ae85800b-fb69-4bdb-97f0-2ef6b2e098c9","943b0ae5-b3b5-45dc-974a-eb6c05652026","15651b32-0168-4874-a436-187e070b888d","درمان‌های آرامش‌بخش بدن و ماساژ","1","فیشال پاکسازی عمیق,ماساژ آروماتراپی,ارتودنسی (براکت)","false","4"
"40317f9b-a18b-44d5-82ca-d92fc3917b06","18caa00c-b8bc-4fae-9b8b-5a5f26e12dfc","d96f3d92-f7de-4c06-a215-2d04879050f3","رعایت بهداشت حرفه‌ای و ایمن","2","درمان پوست سر,کلاس زومبا","false","2"
"375cc7e4-f521-4f72-bb82-c28f489892ac","36cf091b-d774-4d9a-902e-208e6a10c06c","7ce16c86-0512-45a4-917a-fc7b3f366cb1","درمان‌های پوست و صورت برای تجدید انرژی","0","میکاپ روزانه,ماساژ سوئدی","false","2"
"1343e898-7cd3-42c3-9e9c-f898fe6969d4","acae8f45-5ea6-4b1e-8af2-5672106f455b","null","درمان‌های ایمن و مؤثر","0","پیرسینگ بدن,سونا,پی آر پی (PRP)","true","3"
"7ceb82a6-59ac-4c26-858d-93d42f99b692","7adf7a83-50fb-434c-8b26-c056ba1601e5","f6647b4b-1dee-4fdd-bd79-531fb40e659a","درمان‌های پیشرفته زیبایی","7","پدیکور کلاسیک,اپیلاسیون با IPL","false","1"
"aad48d9f-9e9f-4904-b213-bb6a414d2906","ae5609fa-6c2b-49f5-a267-ae1cfe467663","82bcec8b-5ef3-4ede-9bde-0d9d88540f45","کوتاهی مو کلاسیک و مدرن مردانه","9","کراس‌فیت,هایلایت و بالیاژ,فیشال پاکسازی عمیق","false","0"
"28d04c07-8dc8-46e5-aa3a-6279fa736708","1cb983a1-2eea-450f-886e-5922dcc1d4a3","a91b72e2-10d1-4c2c-bb09-f4c699d966d3","درمان‌های پوست و صورت برای تجدید انرژی","9","ماساژ زوج,درمان لک پوستی","false","2"
"d6b65f69-d1c2-4a91-8b37-8833fb266e1b","50fe7a7c-cf93-4bc6-abcb-a18f906c7373","f6d7fd99-030b-42b3-8ce0-2b7ae6f13649","رعایت بهداشت حرفه‌ای و ایمن","8","میکاپ مجلسی,ویزیت دندانپزشکی","false","3"
"10fce020-9317-4dfc-82d0-aabb70449bd3","a732256f-198c-4977-8dbc-f73a19b98f47","847176b0-1c61-4f54-8dc5-3881eea14790","متخصصین حرفه‌ای مراقبت از ناخن","4","رفلکسولوژی,ویزیت دندانپزشکی","false","1"
"d3826afc-b38a-4622-8234-28931544756f","02d24a9b-d3b5-4497-a6cd-2c07cf6a0f59","099f4937-01a4-4e9a-b169-94f22b7e24ba","آرتیست‌های خلاق برای سبک‌های منحصربه‌فرد","4","فیشال ساده,میکاپ روزانه","false","2"
"a3da9f1e-9b4a-44ea-87d6-b2635a8e2a36","41285eb0-6f30-4b00-b5ef-50b739d66f98","3cf1b821-49f3-4e52-8eb2-eabacc9187e8","ماساژ درمانی و آرامش‌بخش","0","ویزیت دندانپزشکی","false","3"
"9e73290c-c9e8-4d47-a1a1-c3d4c5e256ce","582751f3-7425-47ec-ae53-957f953fa430","d96f3d92-f7de-4c06-a215-2d04879050f3","جلسات آروماتراپی و سلامت","0","فیلر پوستی,اصلاح صورت","false","2"
"3b33c3fa-333b-499f-b3ba-7554dbfacc0f","68cc9e92-f7fe-42e2-81ee-673896cf3893","ebecc6c5-620c-4638-87e8-adc4c5b3f6db","درمان‌های ایمن و مؤثر","7","اتاق بخار,اسکراب بدن,پاک کردن تاتو","false","1"
"75560c51-2ab6-4370-ae81-68e056e13e68","f9a9f975-d5ee-4f8a-b203-ae5e2dbd39db","32f294c9-4293-4eef-8c03-4a5717ba66d3","خلق سبک‌های خلاقانه برای هر مناسبت","1","پیرسینگ بینی,کاور تاتو,درمان لک پوستی","false","1"
"07f24b5d-cdd5-49fa-8895-614c9857033b","6b210642-5d22-4900-87d7-a294a3394114","08264730-9c4a-4672-9bdd-7ad1f1a0bf05","آرتیست‌های خلاق برای سبک‌های منحصربه‌فرد","4","الکترولیز موهای زائد,پیرسینگ بدن","false","1"
"0a03fd84-90ed-409e-8165-47c1b0255025","c9e8520c-2ac5-4b6b-8a3b-eaa6d7f79b6e","cc7ba8eb-daa6-4118-8e68-c5fe0929621b","لیزر و درمان‌های ضد پیری","1","","false","2"
"677a0002-be0f-4e7c-9d34-a96a73f1dec2","b814c666-c511-4c7b-b384-4ba0bdc852e3","null","تجربه لوکس اسپا برای آرامش","9","اکستنشن مژه,میکروبلیدینگ,بلیچینگ دندان","true","4"
"66bb9947-498a-41e5-871f-d78c2a87d386","25a10df4-8b5c-4823-a2ab-d01448c6f78d","146444c2-eae5-4b28-83b8-8f8bf7c1c44b","حذف موهای بدن و صورت با تخصص","1","کاور تاتو,پیرسینگ گوش,پاک کردن تاتو","false","4"
"f309da54-095a-4642-a6e8-0c7b7962f4b1","8cd38039-ef2a-477e-bf22-acf24eb21940","146444c2-eae5-4b28-83b8-8f8bf7c1c44b","فناوری مدرن برای پوست صاف","9","","false","3"
"e28ba8e4-b996-4416-82c2-7c638cbc88de","27f1c81f-3520-4e52-b553-55cb91aa9b7b","0d10a4fa-06f4-45bf-a5b6-2b44783cc58f","آرایش عروس و مهمانی","7","فیشال ساده,کاور تاتو,کلاس یوگا","false","3"
"d165cf06-f527-486e-8e1e-d37017cffe0d","0ec20049-aec2-490e-b3aa-861bc8f5c268","a07d02e3-4c33-4acc-a985-ce90dad77cf5","درمان‌های زیبایی و مراقبت از پوست","8","","false","0"
"7ed41807-8091-45e0-a31e-904585eddff8","10f87de5-a1d6-492a-aa94-0448e475aec9","2eb72844-2023-44fd-b8af-cf98e8c19ac0","خدمات پیشرفته لیزر برای حذف مو","6","هیدرافیشال,ونیر دندانی","false","2"
"633cbdff-c876-43bd-a91e-7229883a1d54","7dd7c1c8-2f0d-4ef7-a531-4e979ccf4caf","6b376aa4-5511-4813-8f35-d4e1b64dd327","افزایش زیبایی صورت غیرتهاجمی","1","پدیکور اسپا,بلیچینگ دندان","false","2"
"6aa2cb95-a6a9-4474-a4dd-acfc19b7277b","43194e4d-01da-4825-a5ac-2adbe006c91a","f1a95326-9ffb-447c-a828-91c1dba993c5","راه‌حل‌های زیبایی مبتنی بر متخصصین پوست","9","","false","2"
"c3ee4f2b-3e38-446e-a003-f3e3fd62ee17","7f33c90b-9565-4705-a93a-65500b27ea0a","15651b32-0168-4874-a436-187e070b888d","مدیریت و اصلاح ریش","9","","false","2"
"465ebbf4-94fe-4106-96b2-6bc54cf644a3","5287b92f-7e63-416f-bb03-ee2767e5e730","01cb79c0-82be-418a-8820-626797e2d609","درمان‌های پوست و صورت برای تجدید انرژی","8","ماساژ درمانی,ماساژ سوئدی,لیفت با نخ","false","4"
"30ae91ad-1aaa-4cc4-bceb-c2affea4020a","41955cb1-2bca-4a3d-9072-37adbdc8fd7c","3c212ac3-00f3-4b21-bb5c-013d37dba122","مدل‌های به‌روز برای خانم‌ها و آقایان","5","تمرین خصوصی,جکوزی","false","0"
"beb36dff-4b33-4451-bd0e-7f57783c9e02","25fc4e7b-fb64-490b-b84e-5c3e422e592b","null","کوتاهی مو کلاسیک و مدرن مردانه","6","","true","0"
"9370ca44-c00d-42c2-bb14-b33a309245a1","b1649e1d-f61d-4116-a5d7-6041034971ab","f6647b4b-1dee-4fdd-bd79-531fb40e659a","آروماتراپی و خدمات سلامت و آرامش","8","درمان روزاسه,درمان روزاسه","false","2"
"e6846bc3-63bf-4abb-bf93-010aba0efbbe","6e0154f4-085b-44e5-ba39-abc2fdfdd7bb","da1edbfe-379f-4d71-870f-5abe7807409a","لیزر و درمان‌های ضد پیری","0","مزوتراپی,عصب‌کشی","false","0"
"e92e832c-c4c0-4256-9380-c4f161e1d891","32ecddcc-617f-491d-b27b-7dd21a87364c","b977020b-f336-440b-af66-78d59fcb826a","افزایش زیبایی صورت غیرتهاجمی","3","تمرین خصوصی,لاک ژل","false","3"
"f68bd9d9-66bf-410b-be71-9b16fa874d10","f25f9f3b-f79d-4123-adb6-8005d13ea17c","a18da92a-ff08-4313-b65a-afc3aa0062c5","درمان‌های پیشرفته زیبایی","0","ارتودنسی نامرئی,تزریق بوتاکس","false","0"
"75c8fd3b-f4c6-4881-b628-81edff734c9c","f88e9c5d-8e86-4378-bbfe-1b8818f3ecf9","f4949619-40af-4f41-b373-cbfb60025709","ماساژ ورزشی و بافت عمیق","1","کراس‌فیت,پی آر پی (PRP)","false","2"
"343a7ce9-b48d-4f7b-89c0-cce9a153aaaa","ed312575-af91-4270-aaa3-fb127938d776","15651b32-0168-4874-a436-187e070b888d","مراقبت حرفه‌ای از پوست و بدن","4","ایمپلنت,اسکراب بدن,لایه‌برداری شیمیایی","false","0"
"fecc27be-1415-4b35-8d39-67f7cf4968f5","8b45ad31-d2fa-4143-abba-310bc0b1fa7c","null","جلسات آروماتراپی و سلامت","6","درمان لک با لیزر,درمان عروق با لیزر","true","0"
"a0140692-b5d1-4c0c-b5d4-1976cd94c73b","9f6ddd2f-565f-4337-b122-5ac9cc2e94dd","9e5c7c74-24fa-4a19-9c35-e49eed74406b","رعایت بهداشت حرفه‌ای و ایمن","9","مانیکور کلاسیک,طرح حنا,اکستنشن مژه","false","1"
"8a5560b4-6c41-4dc9-8de8-edecdf54c78f","bd097da2-0b78-4553-83a1-aea94065cab2","06012499-12e6-4f07-a15f-0978cb567f61","درمان‌های پوست و صورت برای تجدید انرژی","2","کلاس زومبا","false","2"
"612fa0f5-7ce7-453c-901b-6bfa59c0d122","37d891b0-10a5-4105-9bc4-18dedb32f856","e42c183c-93dc-4f6f-8024-a625d701b7c8","افزایش زیبایی صورت غیرتهاجمی","1","بلیچینگ دندان,کوتاهی فید,رنگ ابرو","false","4"
"e0bfe1e9-4bd5-4ba7-8b42-54319978e756","81e073ce-d069-4f4f-86d2-8dca99acaccd","f6d7fd99-030b-42b3-8ce0-2b7ae6f13649","خدمات شخصی آرایش مردانه","7","ماساژ سوئدی,لاک ژل","false","1"
"e516f024-82c0-4c44-b989-ea6c8525489c","26399825-bae4-4dcf-bc6f-ff6e95f77042","88e15ef4-a98f-49ec-b141-4efa3968663c","افزایش زیبایی صورت غیرتهاجمی","7","ماساژ دوران بارداری,ناخن ژل,فیشال پاکسازی عمیق","false","4"
"64c12174-6caf-45f5-8771-4fd8f0f0d94b","2b1255f5-b683-4aab-98f9-52a903f287ac","d8d71cf3-1453-49e3-aae3-75ed776ea2b3","ارائه خدمات حرفه‌ای آرایش و رنگ مو","4","اصلاح صورت","false","3"
"2588023a-b89b-4939-a006-8f9edb436244","e8b9388d-e80c-402f-8dbf-67f90129b090","null","رعایت بهداشت حرفه‌ای و ایمن","6","","true","1"
"7505c61d-539f-4b3e-afd2-955b4c9d04ff","afffd66b-5cce-423c-8a2b-04a1f02b12d1","146444c2-eae5-4b28-83b8-8f8bf7c1c44b","افزایش زیبایی صورت غیرتهاجمی","9","پیرسینگ گوش","false","4"
"f8efa010-dd46-4b3b-92b3-779769038eb0","11d0bd89-722b-4cf3-bc61-a7a5f921ff30","847176b0-1c61-4f54-8dc5-3881eea14790","ژل، اکریلیک و مراقبت از ناخن طبیعی","4","اصلاح صورت","false","4"
"b3be15c0-1eed-4eef-8077-d3fead275fdb","09e1f442-8428-479e-8852-978bd6b7428d","951a2088-b131-4ee1-add4-bd6d7955ff5d","خدمات آرایش حرفه‌ای","2","","false","3"
"c703f89d-57b5-41c8-8527-aca5516c557b","189a929b-8701-4d83-b206-8c346557455d","1f27537b-45d5-4dfd-b89b-bd552582994c","آرایش عروس و مهمانی","7","","false","4"
"7434b9a4-d04f-46e5-96bf-a8ba0a4f0979","e147282f-4253-4d7c-b7f5-e6abd58857f6","null","درمان‌های پیشرفته زیبایی","3","ماساژ دوران بارداری","true","1"
"e0214604-9848-4a97-9d5f-db043a261126","c9d39f93-677e-4f95-95c2-923c02a20a97","262c832a-9f01-4ac7-8b67-c1c556d319f7","طراحی ناخن‌های خلاقانه","4","کوتاهی موی مردانه,پیرسینگ بدن,درمان پوست سر","false","4"
"23d2ca4c-41a6-4052-adfb-95ac2ed77858","528e3510-66cd-4caa-bbff-dec942fb5669","d8d71cf3-1453-49e3-aae3-75ed776ea2b3","طراحی ناخن‌های خلاقانه","9","تمرین خصوصی,کوتاهی موی مردانه,رنگ مو","false","0"
"3e25c369-37c8-4fc7-9ee6-9a76739a1a22","df87f203-64c2-4fda-bd7f-ef7618eaabe0","10f1767d-7e4d-4c0c-8b09-de71e61d534f","متخصصین ماساژ با تجربه","3","ایمپلنت,تمرین خصوصی,پاک کردن تاتو با لیزر","false","3"
"cccf589d-c3f9-4c6e-9571-9c654f264b2d","b83a9f95-92b6-41f7-977f-d232d35e62a7","9b108088-5f1f-410e-95d1-c5f97f07c940","طراحی ناخن‌های خلاقانه","3","ماساژ درمانی","false","2"
"bfc5766a-078b-41d7-b796-1812605b6062","1d747f00-942a-4c64-b497-e7f3d18965e8","951a2088-b131-4ee1-add4-bd6d7955ff5d","طراحی ناخن‌های خلاقانه","8","میکاپ دائم","false","1"
"c0116816-fd19-4061-8c04-dcd594937348","6f94e022-1c10-49af-a656-c27a02de8c62","951a2088-b131-4ee1-add4-bd6d7955ff5d","مدیریت و اصلاح ریش","9","ویزیت دندانپزشکی,فیلر پوستی","false","1"
"d7788b8a-7b23-46fe-bda8-b83344ed3a07","b6540a47-4424-46d6-b85e-e788f4b0ab0b","7a85b889-854e-45fd-bd1b-05fbd2d27365","طراحی تاتو و هنر بدنی سفارشی","9","","false","2"
"66c13bf6-01ba-4248-8b97-026ec3fa2437","0d240ba0-45d3-4d57-a406-ee9607c4c444","7171897e-78db-4474-8ca5-254a2d256130","درمان‌های پیشرفته زیبایی","1","پی آر پی (PRP),میکاپ عروس","false","3"
"75ab7fdb-777d-4ebc-b62a-27ae5508e377","e3a77fb7-4df0-4df3-bc51-726c700a7a60","7a85b889-854e-45fd-bd1b-05fbd2d27365","آرایشگران حرفه‌ای با مراقبت شخصی","9","ماساژ ورزشی,اتاق بخار","false","2"
"6ae77599-cf39-4222-a883-463c9a6753b2","5c28bf2a-2318-4e77-9bd0-445f0704bb60","3d75175e-1669-4e66-9ef3-fc840cedff09","متخصصین حرفه‌ای مراقبت از ناخن","2","میکاپ نامزدی,سونا,جکوزی","false","3"
"2a4203c5-cd65-4118-b197-eba0548da5e4","4010d22a-517e-4a73-8d0d-6b6dbd750204","c2d1d177-8ace-419b-b793-700f31229954","متخصص در درمان‌های مدرن مو","5","سونا,اکستنشن ناخن","false","2"
"96096d91-62ca-4012-9c75-128de05b8ce8","76dca485-f38a-4c98-a0cd-fa23cb346534","c2d1d177-8ace-419b-b793-700f31229954","آروماتراپی و خدمات سلامت و آرامش","5","پدیکور کلاسیک,پدیکور کلاسیک,عصب‌کشی","false","0"
"c9e86003-0826-4a90-b4be-6bbbdbe9162f","dcafcef7-7086-4d43-8cf6-3a1802b6933e","951a2088-b131-4ee1-add4-bd6d7955ff5d","راه‌حل‌های زیبایی مبتنی بر متخصصین پوست","7","فرم‌دهی بدن,درمان لک با لیزر","false","2"
"a2c2907a-3fb1-4183-aae8-61290a43c19b","c2aac1f1-ed12-4c82-8681-44a2fa5da687","06012499-12e6-4f07-a15f-0978cb567f61","رعایت بهداشت حرفه‌ای و ایمن","4","لایه‌برداری شیمیایی,ماساژ ریلکسی,جرم‌گیری دندان","false","2"
"610e0a37-6144-4ee1-975d-3c7b3eb718f8","a1d08d71-c0e8-4f92-be8d-b65f05c6587a","a07d02e3-4c33-4acc-a985-ce90dad77cf5","افزایش زیبایی صورت غیرتهاجمی","5","کلاس یوگا,اکستنشن ناخن,طرح حنا","false","0"
"be8737c7-af1b-4158-9bc4-fa78029564ae","57083167-ea14-4dad-ae5d-b5ad9ee60391","32f294c9-4293-4eef-8c03-4a5717ba66d3","متخصصین ماساژ با تجربه","6","","false","3"
"5833cb8e-ed97-4f5e-81f0-12dff9a57882","0301e075-b347-4a2f-a9e6-fd7e267f25ef","7a85b889-854e-45fd-bd1b-05fbd2d27365","رعایت بهداشت حرفه‌ای و ایمن","6","اصلاح صورت","false","0"
"f777bcf9-cac8-45d6-aa75-0da02a07e304","a2d07ff4-5307-4f7e-9160-1b7bf28ea7f2","146444c2-eae5-4b28-83b8-8f8bf7c1c44b","ژل، اکریلیک و مراقبت از ناخن طبیعی","0","","false","3"
"bd7b008f-36a4-43ed-aa4f-2ce1c3d12c1a","2a45b1bf-b165-452d-b33a-a67697515749","9e585aad-6cd4-4915-8bf8-fb0de0f7b323","لیزر و درمان‌های ضد پیری","6","ماساژ بافت عمیق,پیرسینگ بینی","false","1"
"76690998-36c4-4a48-b751-ad1f09669e74","8e85eb34-ef9b-4e47-8afd-b194098828ed","2a3f08db-18e8-4330-af63-554404cb4d7b","اصلاحگران حرفه‌ای با تجربه","8","ماساژ بافت عمیق,برنامه سم‌زدایی","false","3"
"c393396c-39aa-4a93-a442-cb569913ba26","d556f4c0-26be-4053-885c-486903333b24","7234875b-1507-4494-a291-4d3543575f28","ارائه خدمات حرفه‌ای آرایش و رنگ مو","3","کوچینگ سلامت,صاف کردن مو,پیرسینگ بدن","false","3"
"2125a993-f301-441c-9731-5d57312f6bb8","81f6ff08-2bf6-4634-8593-10d5661be650","fb577516-0627-447e-86e8-7c56b87681ff","مدل‌های به‌روز برای خانم‌ها و آقایان","6","لیفت با نخ","false","1"
"65873e0c-ba7a-48c4-ae67-23400e16990e","ffe2b431-7883-4e93-8ce3-4dfe3249f8db","38d65e00-8d87-488a-87f3-4d4e2e540a09","درمان‌های ایمن و مؤثر","9","ارتودنسی نامرئی,کوتاهی موی مردانه,فرم‌دهی بدن","false","2"
"6c536059-b79a-4d68-bc61-c7efbd391bda","261a5503-7354-4fbf-aa85-9c08d8348ef1","dfd54824-7756-43ae-aa44-3b66a23a4452","تجربه لوکس اسپا برای آرامش","8","کلاس زومبا,حجم‌دهی لب","false","3"
"3dfbf4bb-2ab9-4903-ace6-d85d9a105106","ecd2c337-df1e-46c9-9d18-96dd15337350","b86c49cc-2c8a-46e8-8a9a-e51288089fd5","خدمات شخصی آرایش مردانه","7","لیزر جوانسازی پوست","false","4"
"1c5053fa-e6e1-4ac3-8685-4e8e09134b9d","1d84970e-cf78-4e51-bcda-86fded028885","7a85b889-854e-45fd-bd1b-05fbd2d27365","آرتیست‌های خلاق برای سبک‌های منحصربه‌فرد","5","پاک کردن تاتو,ونیر دندانی","false","3"
"b0556779-5cf0-473d-b61a-6fbea8bdffc5","b2dd4a3b-a438-4393-9b5b-c2931989f62c","eec527f6-c2be-4328-ba39-b0153150c02a","متخصص در درمان‌های مدرن مو","3","تمرین خصوصی","false","2"
"7f5691f7-398d-4421-a3f5-1e488a83584d","3cd186e0-d4f7-4913-8f91-afc8655229e6","1f27537b-45d5-4dfd-b89b-bd552582994c","ماساژ درمانی و آرامش‌بخش","6","","false","3"
"9c006b25-752e-447b-a76b-e619089840e9","a963630f-4f53-492c-8991-831cf716d310","e7546a87-7041-4376-82ee-b509887aaddf","مشاوره شخصی در زمینه آرایش","4","درمان پوست سر,اکستنشن مژه","false","4"
"68de5af5-946f-4584-b857-54197b0610cd","2336d181-ae39-4342-84c7-2117149ae708","10f1767d-7e4d-4c0c-8b09-de71e61d534f","آروماتراپی و خدمات سلامت و آرامش","6","کلاس یوگا,تاتو بزرگ","false","0"
"910dc442-82ba-47ed-b3be-1c85f84d5224","fe527142-f761-48e8-99c7-b3c622cd7dcd","67bac426-0468-422d-bb83-cab374d358b2","خدمات شخصی آرایش مردانه","9","مزوتراپی,مدیتیشن","false","4"
"928c4fb3-99d4-460e-a0ce-1c652dec8ee6","8e562ec4-9ba6-4e68-a3a7-e0195290bcac","da5991dd-e278-41f1-b932-e0627f6b7e29","درمان‌های پیشرفته زیبایی","5","مانیکور کلاسیک","false","2"
"ad52e6cd-c973-41f4-a5e8-1f59866a6c4e","62aceb5f-029e-4014-8b04-3a500e7e8470","2d95b687-3b23-4a33-9e4f-5def4a5ef452","درمان‌های پیشرفته زیبایی","2","استایل ریش,لیزر موهای زائد","false","4"
"014a5896-2191-4a14-aa02-d97c32a19fca","8459cc60-2661-4355-a226-3ef4ad152ca7","41ccf451-346d-48d4-8bdd-77914788daf4","آروماتراپی و خدمات سلامت و آرامش","8","","false","4"
"3f0c04f4-fa84-4681-a113-ffbfca4a65e8","189f1c56-bafe-4b69-8f60-d4fe8c9cc417","41ccf451-346d-48d4-8bdd-77914788daf4","درمان‌های آرامش‌بخش بدن و ماساژ","8","","false","0"
"e2b1ff30-8da8-4675-906d-753638e58056","fde0fdc8-f1a7-42c1-acd1-d2a5f429d8ca","d4fc3235-a622-4a3d-b623-7929c5e061d6","متخصص در درمان‌های مدرن مو","1","کوتاهی موی کودک,رنگ مو,کلاس یوگا","false","1"
"16adb478-f70b-44ca-a355-ddc7211b1a0a","2f0ef564-89f6-4a28-8f20-00442e6ff6d5","05de3e30-01f9-44eb-9f0a-dec4813265cf","کوتاهی مو کلاسیک و مدرن مردانه","3","درمان آکنه","false","4"
"99b4c271-3854-40b3-b60a-a1b0ceda9b40","f25ebf3c-0aae-42e3-b137-0079f678dcc6","50b37229-154a-49b9-ae60-91c47a996403","درمان‌های آرامش‌بخش بدن و ماساژ","2","لیفت پوست","false","1"
"20632f75-a844-4489-ab61-ad8ab88389f6","2c4d1dd1-4439-42aa-b6bf-12e86f4a537c","c2d1d177-8ace-419b-b793-700f31229954","مراقبت حرفه‌ای از پوست و بدن","4","برنامه سم‌زدایی","false","4"
"3ff88f16-810a-4f80-a9d1-be71ba2d70f9","911d7508-8e29-46cb-bebf-3521efb4cee1","8097f69b-fd39-48dd-b39a-64b4eebebefe","مدل‌های به‌روز برای خانم‌ها و آقایان","9","فرم‌دهی بدن,ماساژ سوئدی","false","3"
"8651e3e6-d364-4c73-b9d8-590bcf38804f","83238b76-fa20-4993-85b3-edb13bc86c20","null","آرایش عروس و مهمانی","7","","true","0"
"13cfc225-8352-46b4-add9-0f0bfc19aca3","95978088-7bdf-49eb-91ae-3014383cae59","d8d71cf3-1453-49e3-aae3-75ed776ea2b3","رعایت بهداشت حرفه‌ای و ایمن","3","","false","4"
"b2bbe80d-e2f4-42ce-8666-8921a6622032","efc13088-5e33-4dda-8f53-91152701146c","e53a2f6c-e82e-49b6-9c15-3221ad9ade7c","طراحی ناخن‌های خلاقانه","7","هیدرافیشال","false","2"
"b102faa7-f17a-4b32-a243-12463ab213f4","07296836-e842-42b9-a2e9-66d6b6683b27","2a3f08db-18e8-4330-af63-554404cb4d7b","خدمات مانیکور و پدیکور","2","ارتودنسی (براکت)","false","4"
"eae75014-8627-404d-9d2f-adf947bd6750","73de04aa-a2f5-4e30-b2f9-f74e03ef4a81","c49420ee-a7b1-4f0e-ba3d-72679bf9dcf0","خدمات پیشرفته لیزر برای حذف مو","5","کراتین مو","false","1"
"d8401cb2-5cd9-4e48-beab-6f5feb956f1f","61bd3de3-fbbe-4928-a2ab-d50af4bbb974","847176b0-1c61-4f54-8dc5-3881eea14790","خلق سبک‌های خلاقانه برای هر مناسبت","7","مشاوره تغذیه,رفلکسولوژی","false","1"
"dfad2ae5-cbc3-46b2-bf1b-a4c075583bc5","fc431e12-5cf1-458b-8379-4ddc1b738c05","a994c308-98f0-497d-8417-0bff8f066c7e","متخصصین ماساژ با تجربه","7","اتاق بخار,پی آر پی (PRP),فیشال ضدپیری","false","3"
"1870d2c5-9243-46bc-83b2-b1c87d41882a","7fdbbd2a-9a66-4362-bf08-bc4c431c6d7f","f29b09f9-0722-42c0-9af7-a704aea39992","مشاوره شخصی در زمینه آرایش","0","فیشال ضدپیری,پی آر پی (PRP),پیرسینگ بینی","false","2"
"b9c9f2f9-832e-4648-84a2-10a56309398c","aae67bb2-37e5-4a7b-937d-6243c15bda23","aafaa2a7-6999-4613-8ade-01576c757647","آرایش حرفه‌ای برای مراسم و عروسی","4","","false","1"
"aaed77cb-6e26-4eca-8f5d-05533e46091d","58aee9c4-0201-40cd-b38f-38e584c15a5c","38d65e00-8d87-488a-87f3-4d4e2e540a09","طراحی تاتو و هنر بدنی سفارشی","8","","false","1"
"a68eb3b5-dd27-45d0-b5e8-f5ff5d3aa78a","99addb0a-3f5f-4753-83e3-dba22a3361f2","fa1aff0b-03de-4290-9d6d-ed938ac00513","رعایت بهداشت حرفه‌ای و ایمن","0","ماساژ ورزشی","false","4"
"c55a7102-ef08-49fa-9613-a3ca812b7567","21d18429-dcf7-402c-b3fa-850b5891c5e5","57eef6ce-427d-4518-8559-11ce0eaa4bc7","لیزر و درمان‌های ضد پیری","1","کوتاهی موی مردانه,فیشال ساده,فیلر پوستی","false","2"
"84438482-7dc6-4a70-809a-d889486dfd9c","d6162607-5d1a-48c1-8205-e4958080ccdc","847176b0-1c61-4f54-8dc5-3881eea14790","درمان‌های پیشرفته زیبایی","2","پیرسینگ بینی","false","2"
"61742f6b-cc07-450e-af12-dc720e3ea26f","df769944-72ec-4fd8-a5f8-4257dcd9a932","57bf8b52-b219-4b96-82f0-4a1638c2a1aa","لیزر و درمان‌های ضد پیری","8","لاک ژل","false","2"
"4e206c8c-8365-4ee0-894f-6c0772bd5332","88117fd8-b4c9-4f8a-9da0-906560e17d1c","a91b72e2-10d1-4c2c-bb09-f4c699d966d3","خلق سبک‌های خلاقانه برای هر مناسبت","2","پیرسینگ بینی","false","4"
"585e462b-9db4-4c17-81ee-42338acfd6a4","f45f86d6-6518-4359-b5ab-9ab9d0644a63","fa1aff0b-03de-4290-9d6d-ed938ac00513","آرایشگران حرفه‌ای با مراقبت شخصی","7","","false","3"
"41fbbf0f-30c6-4641-907d-1bfbcce2c600","074b93e8-b37f-4145-9182-7c120ef7fcc5","47f41487-6b45-4015-bed6-de0ec198fca8","تجربه لوکس اسپا برای آرامش","7","تاتو کوچک,جرم‌گیری دندان,درمان لک پوستی","false","4"
"0bb5849f-24d1-4e16-bff7-f6941c0c3476","685fa261-de12-41da-b28e-db20dd68254e","f1a95326-9ffb-447c-a828-91c1dba993c5","متخصصین حرفه‌ای مراقبت از ناخن","1","","false","3"
"d4408b94-f791-41c2-928a-8770aa9a2582","594529eb-aabe-4561-98bd-6e119b1f3d4b","f6647b4b-1dee-4fdd-bd79-531fb40e659a","ماساژ ورزشی و بافت عمیق","9","رفلکسولوژی,پیرسینگ گوش","false","2"
"4fd9ac10-af22-4a55-943a-954b5acc4811","b1f67b34-ab71-49de-ba09-c536f902e8c6","f6d7fd99-030b-42b3-8ce0-2b7ae6f13649","آرتیست‌های خلاق برای سبک‌های منحصربه‌فرد","4","کاور تاتو,پیرسینگ گوش","false","4"
"43fa7d36-89cd-4eec-975e-6485f6c325a8","0075b36d-23d5-4c61-87c3-2d17f2863e5a","a18da92a-ff08-4313-b65a-afc3aa0062c5","خدمات پیشرفته لیزر برای حذف مو","9","صاف کردن مو","false","1"
"a2eda45a-96fd-40cf-afdf-bebcc1be310b","6a3ff861-40f3-402c-87f1-8f028965ebe4","15651b32-0168-4874-a436-187e070b888d","متخصص در درمان‌های مدرن مو","3","","false","0"
"3c5c2008-da68-47fe-a84d-d72bb8297ec7","757b46f6-eb5e-4306-a5ea-c236894775fc","06012499-12e6-4f07-a15f-0978cb567f61","جلسات آروماتراپی و سلامت","9","ونیر دندانی","false","4"
"e6ced5d5-eb3f-44ed-83c9-45010d77836a","79a98383-9fe8-4779-a2e9-bdf6876e6fdc","57eef6ce-427d-4518-8559-11ce0eaa4bc7","تجربه لوکس اسپا برای آرامش","8","","false","4"
"55d76ef4-5fef-4ba7-a1f1-d5f8c1549d8b","9ed65716-f94d-405e-b7cc-7b7f3d8bd299","7ce16c86-0512-45a4-917a-fc7b3f366cb1","جلسات آروماتراپی و سلامت","5","رفلکسولوژی,فیشال ساده,درمان آکنه","false","2"
"5e3b3cf6-eb6a-48e4-8614-a0f876896f66","a76ca0c6-797c-499b-b7ee-65599e8eae4b","f6d7fd99-030b-42b3-8ce0-2b7ae6f13649","آرتیست‌های خلاق برای سبک‌های منحصربه‌فرد","2","کوتاهی موی کودک","false","3"
"edf6e4f4-3167-48fe-ae4b-9eede25feb9f","d40aaf12-ae30-4c9b-a7c3-0e3a9fb73a40","b4a8000e-abf3-4a55-87e7-a75e302fe87c","خدمات مانیکور و پدیکور","1","هیدرافیشال","false","3"
"af7cf1fe-6418-4f13-a4fe-4723429cb2bf","b979b05c-49ef-407a-a270-2349a6bde5dc","47f41487-6b45-4015-bed6-de0ec198fca8","خدمات شخصی آرایش مردانه","8","","false","1"
"d85a8b1a-6384-4764-b849-d4f93d068fef","659f2b80-d1dc-4256-89bd-4714c6d5121e","d3688d54-5e8a-4ba7-b38d-ad8d733faec3","خدمات شخصی آرایش مردانه","8","ارتودنسی (براکت),پاک کردن تاتو با لیزر","false","2"
"b789fd96-813c-4c0f-a555-513fb4b5c777","707f548a-80a8-437c-921c-e33aa7b4a71b","e5b4fdcf-1f6c-43a0-8d21-7a71b47fa0d3","درمان‌های آرامش‌بخش بدن و ماساژ","7","پاک کردن تاتو با لیزر,کوتاهی موی مردانه","false","4"
"647dc7af-9d42-48df-ac02-cf0df22e44bf","0a76131c-97d8-4bac-9277-6a74c06d6aa9","3cf1b821-49f3-4e52-8eb2-eabacc9187e8","طراحی تاتو و هنر بدنی سفارشی","2","پدیکور اسپا","false","3"
"b79aa30d-1818-4fd3-a6d5-c452c300626f","ae8c22a6-2ed1-4058-af70-c51037de02bf","8097f69b-fd39-48dd-b39a-64b4eebebefe","درمان‌های پیشرفته زیبایی","2","ماساژ درمانی,تمرین قدرتی","false","0"
"1e01c902-1ee2-478b-99cc-7efe7440f284","e69bff75-345a-4e8f-af5f-695faec5974a","9e6c1de0-cb85-4e26-97a2-ed884674b083","درمان‌های پیشرفته زیبایی","9","رپ بدن,پاک کردن تاتو با لیزر,جکوزی","false","4"
"ac4ddedf-2a22-4419-9038-8ade942c23b5","036ae4bd-ed04-4cf3-bcb0-8a47e63e379b","47f41487-6b45-4015-bed6-de0ec198fca8","آرتیست‌های خلاق برای سبک‌های منحصربه‌فرد","0","کراتین مو","false","0"
"f29f58d1-e872-43a4-be3d-a44eef5cbb1c","c97d4104-c6b6-4424-990c-3b78ada238f9","08264730-9c4a-4672-9bdd-7ad1f1a0bf05","آرتیست‌های خلاق برای سبک‌های منحصربه‌فرد","9","درمان پوست سر,فیشال ضدپیری,کراتین مو","false","4"
"528a2c54-3e95-497a-a2e9-acf7b7b92ab9","4043a5f3-ece5-459c-97f9-22eaf8e27b8b","a07d02e3-4c33-4acc-a985-ce90dad77cf5","رعایت بهداشت حرفه‌ای و ایمن","1","مشاوره تغذیه,ونیر دندانی","false","2"
"813d4c4e-ccda-4f58-b96d-60156fc53fa0","48fdcd60-f45c-46d4-93dd-2f6274476dbe","null","راه‌حل‌های زیبایی مبتنی بر متخصصین پوست","1","ماساژ سنگ داغ","true","1"
"ff2f3e05-a21b-459b-b84b-a0a843987499","965cace1-73ee-4d23-9706-17215a8ba90b","e7546a87-7041-4376-82ee-b509887aaddf","درمان‌های زیبایی و مراقبت از پوست","3","میکاپ نامزدی","false","0"
"46883c7b-9a54-48aa-929e-e89a29f1b4c6","23f6b54a-b538-41a6-8e02-9c646f4bd5cf","b977020b-f336-440b-af66-78d59fcb826a","آرایش عروس و مهمانی","8","","false","1"
"c08c662e-8f9d-4ac9-837f-d09891397d71","5508b01a-f0db-4b2f-8426-a63c3c0c472c","dfd54824-7756-43ae-aa44-3b66a23a4452","خدمات شخصی آرایش مردانه","0","ترمیم مو,میکاپ روزانه,فرم‌دهی ابرو","false","1"
"15059419-c36e-43de-84ce-2f2d3db81ca9","9cf63e48-fa9b-435a-b260-7c79e5585283","null","لیزر و درمان‌های ضد پیری","9","طراحی ناخن حرفه‌ای,اکستنشن مژه","true","1"
"7d42268f-7882-4e9e-aa17-dc7de8d3761d","183b22f9-c58b-4805-a03d-a9ee4c11e783","d3688d54-5e8a-4ba7-b38d-ad8d733faec3","ماساژ درمانی و آرامش‌بخش","0","","false","0"
"bd5587f4-fc1e-47f2-a36b-cb9254a2b27e","2c5cbd07-719a-441f-b123-6967e96a14c9","10b496b5-82c0-47c5-ac25-7aa774d62bd1","متخصصین حرفه‌ای مراقبت از ناخن","2","لاک ساده,اصلاح صورت","false","3"
"ab66df49-53b6-4860-a02c-3ec25b219eab","5af57db8-7b45-47b0-a2d1-6032e86b5ec8","d754625d-9bc7-4f51-b1d9-308e510bc9a0","ماساژ درمانی و آرامش‌بخش","2","فیشال ساده,مدل دادن مو,میکاپ مجلسی","false","4"
"469eb915-ba0d-488b-b6d2-4dd94b69571c","cc088aa6-717d-4b5f-b163-85531bebec73","null","درمان‌های آرامش‌بخش بدن و ماساژ","8","پیرسینگ گوش,پدیکور اسپا","true","2"
"34aedcc8-6c62-47e4-82a5-a412a6b840cd","c968521a-3e8a-413a-a9b8-09fc482646aa","47f41487-6b45-4015-bed6-de0ec198fca8","رعایت بهداشت حرفه‌ای و ایمن","4","مدل دادن مو,برنامه سم‌زدایی,کرایولیپولیز (کول‌اسکالپتینگ)","false","3"
"5a0ed10c-eb12-47ca-a4e4-c6d9ed219ebc","52accfc9-9dff-45ac-8aad-5090591849b0","47f41487-6b45-4015-bed6-de0ec198fca8","ژل، اکریلیک و مراقبت از ناخن طبیعی","1","میکاپ مجلسی,رنگ ابرو","false","1"
"184f6a05-a007-4d76-bf00-417971faf129","30a4703b-732c-4d41-9287-482415830fd7","3d75175e-1669-4e66-9ef3-fc840cedff09","خدمات پیشرفته لیزر برای حذف مو","2","کوتاهی موی مردانه,اکستنشن ناخن,سونا","false","0"
"c2ec31e0-7e89-482d-b3f3-8b62b7fa4bf6","971ae056-9bff-4796-90ff-a1b9c33651e5","2a3f08db-18e8-4330-af63-554404cb4d7b","آرایشگران حرفه‌ای با مراقبت شخصی","1","","false","2"
"39ad2468-9b48-4d2c-8d53-eed95c43450e","c28d94c4-b7f8-4572-955e-4d9a38857780","f11a7e28-f354-4faa-bc25-9c0bdaae974b","درمان‌های ایمن و مؤثر","2","تمرین خصوصی","false","4"
"f9d223a5-43f9-447f-94fe-4771348220d4","3624d49b-bc4e-4acf-b38a-2052853ce033","9e585aad-6cd4-4915-8bf8-fb0de0f7b323","خدمات شخصی آرایش مردانه","5","مشاوره تغذیه,فیشال روشن‌کننده,کلاس پیلاتس","false","1"
"480867c0-e4ac-47d4-944f-387c8192dcfa","dca1a18c-7846-41fd-baa3-d6ad1d124d79","a994c308-98f0-497d-8417-0bff8f066c7e","ارائه خدمات حرفه‌ای آرایش و رنگ مو","6","","false","3"
"fcb013fc-501d-4970-b82b-bc7074cb579e","888c5f48-f180-4bba-be52-c8f73f23ca3d","2b82aa55-7f68-4919-b4a7-af853c239f83","آرتیست‌های خلاق برای سبک‌های منحصربه‌فرد","4","الکترولیز موهای زائد,مانیکور کلاسیک","false","4"
"ee84abda-5189-4839-9b49-3a2083c5359f","522e6892-29c2-4e12-97c3-17146cb1b72c","2a3f08db-18e8-4330-af63-554404cb4d7b","متخصصین حرفه‌ای مراقبت از ناخن","4","تزریق بوتاکس,درمان لک با لیزر,عصب‌کشی","false","1"
"4735159e-3eeb-48e4-b841-b2a3a7655241","f72907b4-9376-4a38-88b3-19f8bee1bdc7","fb577516-0627-447e-86e8-7c56b87681ff","آرایش عروس و مهمانی","1","کراس‌فیت","false","1"
"80b7282a-bf4c-4bda-971c-0f91d3da9b9e","0ec0f8f4-da7d-41ca-9649-465426a9611f","null","مشاوره شخصی در زمینه آرایش","7","","true","4"
"34a70d15-28f2-49c0-860b-e7f3834667a2","f569aebd-5958-4db3-aac8-d710036ec0aa","099f4937-01a4-4e9a-b169-94f22b7e24ba","مدیریت و اصلاح ریش","1","فیشال ضدپیری,پاک کردن تاتو","false","0"
"2f1595a0-f121-4b41-8f52-d274a4092c92","0af50e05-a028-4bc9-a618-fb92baa71458","f6647b4b-1dee-4fdd-bd79-531fb40e659a","خدمات مانیکور و پدیکور","4","پدیکور اسپا,تمرین خصوصی,فرم‌دهی ابرو","false","0"
"d2862540-beb8-4d26-88c5-a81ed78fd8ac","cd08e803-1d60-40d5-9457-abe403c497cc","da1edbfe-379f-4d71-870f-5abe7807409a","متخصصین ماساژ با تجربه","2","کوتاهی موی مردانه,ایمپلنت","false","1"
"9a24e3e1-bc83-41bf-b81a-2c5124885b99","6337cb3a-4434-4c41-978f-87121561d8f4","2d61458d-d6b4-4352-bc8a-960acbd916ab","متخصصین حرفه‌ای مراقبت از ناخن","9","ماساژ دوران بارداری,رنگ ابرو,لیفت مژه","false","4"
"fea44321-7353-4c85-9c3c-4087d292a05f","e9d6ff75-0ac8-48bc-b652-13e4deb67ec2","d0884aaa-ced3-43ad-98f6-b41fe83a1134","خدمات شخصی آرایش مردانه","5","پیرسینگ بینی,ترمیم ناخن,تمرین خصوصی","false","4"
"e91fdea1-465c-4bfc-91d9-59e339d2369d","97aa36fe-cf17-4d0a-9ae1-e8d138d477c1","f4949619-40af-4f41-b373-cbfb60025709","رعایت بهداشت حرفه‌ای و ایمن","1","صاف کردن مو","false","0"
"5290c155-e4d3-4dc1-96fd-868107264a63","453437ae-596c-4294-8e74-bfaf737f675b","847176b0-1c61-4f54-8dc5-3881eea14790","خدمات آرایش حرفه‌ای","3","","false","0"
"ab79c40a-c79a-4410-93dc-f93fb4685049","2a500e36-5814-44b6-9e61-e40e469f9183","e53a2f6c-e82e-49b6-9c15-3221ad9ade7c","متخصص در درمان‌های مدرن مو","2","فرم‌دهی بدن","false","4"
"297633f0-2485-4c45-addb-019b9f2cf398","e466f95d-f572-4999-a94c-061109b23f92","54085d2d-8ffe-4785-8f92-d77c1dfa9bc0","خدمات پیشرفته لیزر برای حذف مو","4","رفلکسولوژی,ارتودنسی نامرئی","false","1"
"023240cc-b334-434b-8cc5-e7def4f1860d","3bdade42-b9c9-4c8c-a16f-5678204c41ad","d754625d-9bc7-4f51-b1d9-308e510bc9a0","درمان‌های پوست و صورت برای تجدید انرژی","1","تمرین قدرتی","false","0"
"444a4eb2-57ca-41ef-9c6f-b11c619be749","5e5c5eb8-e038-43e3-abaf-d440ae80fa31","628a17e9-f78a-4610-9648-f671d5d4a75c","متخصصین معتبر در زمینه زیبایی","7","دندانپزشکی زیبایی,کراس‌فیت","false","0"
"eb8ff5a3-afce-4552-b4b5-3840bd6a2114","6d6318d3-e7be-46b9-ade7-f9d002149296","null","متخصصین معتبر در زمینه زیبایی","0","عصب‌کشی,کوتاهی فید,تاتو متوسط","true","1"
"65e6decd-dbbf-47b0-8b22-35a1fe7f48a8","ec85df18-b4c2-4d3c-8d62-bf628815946b","971bc0cb-7039-4762-9360-02f8ad48fe8d","حذف موهای بدن و صورت با تخصص","6","","false","1"
"cfdcaf04-4f02-403d-b68e-f938cdfc9a6f","7f17e8df-4e28-4a41-8a03-e4c281fb45ae","e8f14bd1-02a3-4948-b2e3-d3b3b0184466","ماساژ ورزشی و بافت عمیق","7","درمان روزاسه","false","3"
"c16de632-9641-4d6d-8762-6231856af975","c081e261-5b5c-4bf0-85b9-2ec78f208466","3cf1b821-49f3-4e52-8eb2-eabacc9187e8","رعایت بهداشت حرفه‌ای و ایمن","9","میکروبلیدینگ,پاک کردن تاتو","false","1"
"a2da4703-e131-4dc4-9afe-94f0efc5f047","203323a5-6133-42b9-9e05-a73cd18ee34f","dfd54824-7756-43ae-aa44-3b66a23a4452","درمان‌های پوست و صورت برای تجدید انرژی","9","","false","3"
"76622b47-9a9b-4188-aa1e-1450053eefcb","040c3206-8571-412f-9b03-d621d873447f","f1a95326-9ffb-447c-a828-91c1dba993c5","درمان‌های پیشرفته زیبایی","2","کاور تاتو,مشاوره تغذیه,کوتاهی فید","false","4"
"6b9b7c5b-4130-4d49-988d-b67ca3fd479a","a2a87dd8-cbfc-4552-8cb8-983cb554cd68","null","خدمات شخصی آرایش مردانه","0","رنگ مو","true","2"
"54e19889-f534-4429-b365-7fbe71065ba5","d244ed6e-4748-4579-917c-429119adadc6","05de3e30-01f9-44eb-9f0a-dec4813265cf","رعایت بهداشت حرفه‌ای و ایمن","8","پاک کردن تاتو,تمرین قدرتی,کوتاهی موی کودک","false","3"
"a326a172-26db-497b-b994-2051666a9ee0","a40fc518-7788-4774-9c46-30141efc319f","a91b72e2-10d1-4c2c-bb09-f4c699d966d3","لیزر و درمان‌های ضد پیری","0","ترمیم ناخن,ماساژ بافت عمیق,مانیکور اسپا","false","0"
"689477de-70f3-4073-a407-dc81b608af4c","44788e38-d47a-4992-b582-621e17c64d20","ebecc6c5-620c-4638-87e8-adc4c5b3f6db","رعایت بهداشت حرفه‌ای و ایمن","7","کراس‌فیت,لایه‌برداری شیمیایی","false","0"
"05b26a0e-4ecd-43ca-a92e-7a7d75159907","03d92a22-8325-45ce-885a-0d9dd68ab497","3cf1b821-49f3-4e52-8eb2-eabacc9187e8","خدمات مانیکور و پدیکور","7","","false","4"
"6f5e54d9-f295-429f-91e0-f9ab6ef6d607","25853240-b4f5-4124-b579-47f322f0ffdc","6edaab36-9521-46d5-aa19-9ba8dfff5fa1","درمان‌های پیشرفته زیبایی","3","فیلر پوستی,میکروشیدینگ","false","1"
"785bd541-a917-4817-8764-61733d182940","c0d8c2b3-0d89-4df4-a41b-302e7acf9088","67bac426-0468-422d-bb83-cab374d358b2","افزایش زیبایی صورت غیرتهاجمی","4","","false","3"
"981a84a8-b40d-47c1-a0df-68f1255b289e","a7bd43d6-36fb-4a05-815e-c882da479e94","a994c308-98f0-497d-8417-0bff8f066c7e","ژل، اکریلیک و مراقبت از ناخن طبیعی","5","تمرین هوازی,رپ بدن","false","3"
"2f50e760-da15-4af5-bc30-d79e33d02b0e","67a306e0-952a-4c5c-8c5d-8eb6c6ba4d11","f6d7fd99-030b-42b3-8ce0-2b7ae6f13649","افزایش زیبایی صورت غیرتهاجمی","7","طرح حنا","false","3"
"40d3d49c-6f84-4da0-9693-3ace539914a3","aacde201-d230-4f7e-9746-76266448baf7","47f41487-6b45-4015-bed6-de0ec198fca8","متخصص در تاتوهای واقع‌گرایانه و هنری","8","درمان پوست سر,رپ بدن","false","4"
"9547598d-fdc2-4967-9b78-17be486bd4bd","dc2d63f8-bb8d-4945-9bd4-bd141283a736","2eb72844-2023-44fd-b8af-cf98e8c19ac0","خدمات آرایش حرفه‌ای","9","استایل ریش,میکاپ دائم,تاتو کوچک","false","2"
"bf791aeb-25d9-458f-8703-86bbc6e847f2","4eba876d-55e9-479a-8ddc-d653391eb09e","cc7ba8eb-daa6-4118-8e68-c5fe0929621b","ماساژ ورزشی و بافت عمیق","0","رنگ ابرو,فر کردن مو","false","3"
"2c1a55f5-585d-4e58-b2ef-99bc1e3f244c","162dc27a-a6fd-40ec-9e20-859697aad22d","null","حذف موهای بدن و صورت با تخصص","4","","true","2"
"d3b26c5c-1d6b-4f5d-8f71-929617b1aa6e","179106c7-ee3f-45e0-bfba-5a78b3c42feb","a07d02e3-4c33-4acc-a985-ce90dad77cf5","فناوری مدرن برای پوست صاف","5","ناخن ژل,ماساژ ورزشی","false","3"
"27c111bd-25f8-4b32-9fea-2a71035def3c","6ac096c0-2e7d-40ef-aee5-047369c421ea","7a85b889-854e-45fd-bd1b-05fbd2d27365","فناوری مدرن برای پوست صاف","1","دندانپزشکی زیبایی,درمان پوست سر","false","4"
"c8e9b69b-af51-4a74-b56f-b6f33784bea3","1dce4724-eaed-4d1e-b3be-bab0ef488812","d4fc3235-a622-4a3d-b623-7929c5e061d6","کوتاهی مو کلاسیک و مدرن مردانه","3","تمرین هوازی,اکستنشن مژه","false","1"
"af3d501b-43a3-4495-b099-1fb8b04c8f0c","5dec3e93-39a6-4f3f-b2ce-b26fc20a6d94","6edaab36-9521-46d5-aa19-9ba8dfff5fa1","مدیریت و اصلاح ریش","6","","false","4"
"829e930c-9038-496a-ad36-478e15c06999","5e20cb36-7c4e-46a5-a6dc-78fff28d2bd6","d3688d54-5e8a-4ba7-b38d-ad8d733faec3","مدیریت و اصلاح ریش","3","فرم‌دهی بدن","false","3"
"edbf377e-654d-4051-b3f0-9079a707d899","3e97751b-2c4f-442f-9f51-0bf14d0746e2","7234875b-1507-4494-a291-4d3543575f28","آرتیست‌های خلاق برای سبک‌های منحصربه‌فرد","6","سونا,ماساژ سوئدی,اصلاح صورت","false","3"
"88c42827-e97e-418b-93b9-494ee3b2610c","34663eff-5ab0-4f2f-9bc4-92a78304e499","6edaab36-9521-46d5-aa19-9ba8dfff5fa1","متخصصین معتبر در زمینه زیبایی","0","","false","2"
"359077f8-8347-4c87-9918-d8da414d11c2","dc5fe9a0-2435-4c30-b002-b2fd7d84e22b","dfd54824-7756-43ae-aa44-3b66a23a4452","اصلاحگران حرفه‌ای با تجربه","4","ماساژ بافت عمیق,لیزر جوانسازی پوست,کلاس پیلاتس","false","4"
"0849866e-cb5a-4a4f-898a-3a36e610bdd9","ff01e042-13d1-4e92-98f8-e538a7d86183","9e585aad-6cd4-4915-8bf8-fb0de0f7b323","خدمات پیشرفته لیزر برای حذف مو","5","فیشال ساده,پدیکور کلاسیک","false","4"
"dc6664bc-ad0a-4bf1-ae89-046c8fd4d09c","823e99eb-a8d6-44b0-b44d-261addc69c12","146444c2-eae5-4b28-83b8-8f8bf7c1c44b","تجربه لوکس اسپا برای آرامش","7","","false","3"
"b6fbbfa1-ef48-4973-8def-32a04ec29d75","8f9a6b5b-71fe-4c50-ab02-71ea7de99791","d754625d-9bc7-4f51-b1d9-308e510bc9a0","متخصصین معتبر در زمینه زیبایی","2","تمرین هوازی,ماساژ سوئدی,میکروشیدینگ","false","4"
"9d13223c-3613-449d-bb43-a03f0d5b01b3","bd0b7aa4-c839-4e65-b8d2-25dd0ee27aa9","c49420ee-a7b1-4f0e-ba3d-72679bf9dcf0","راه‌حل‌های زیبایی مبتنی بر متخصصین پوست","0","","false","3"
"6f4eb582-6c67-4316-b48a-13d4d166a299","a452fa51-5140-4581-b0d5-d4bac8b44a04","d8d71cf3-1453-49e3-aae3-75ed776ea2b3","درمان‌های پوست و صورت برای تجدید انرژی","7","","false","3"
"4202c068-871c-447d-bf81-369c00b0e75c","c56c1df3-c49c-4027-8d45-1f567a029c72","7ce16c86-0512-45a4-917a-fc7b3f366cb1","آروماتراپی و خدمات سلامت و آرامش","5","درمان پوست سر,کوتاهی فید","false","1"
"2f6806a6-d6bc-448f-bc26-154407697834","e2195304-871b-4e74-a9f6-a730cedd1a8d","262c832a-9f01-4ac7-8b67-c1c556d319f7","ارائه خدمات حرفه‌ای آرایش و رنگ مو","3","تمرین قدرتی,میکروشیدینگ,طراحی ناخن ساده","false","4"
"0a1ca53a-d339-42c2-b241-654d7c334a8c","12dbe83a-6b4d-44bf-9ea0-e63b90d0cc5a","31f07417-b9d4-4a36-8f47-c0311b2b831d","ماساژ ورزشی و بافت عمیق","8","طرح حنا,درمان روزاسه","false","3"
"ebf670b5-ddb2-4a5f-9be5-ecac0a66e851","ee2bdc2c-7e4c-48d8-a320-2095d105be63","2b82aa55-7f68-4919-b4a7-af853c239f83","خدمات مانیکور و پدیکور","2","پیرسینگ گوش,طراحی ناخن ساده","false","4"
"566e8cb4-a5d1-440e-9d98-548f5658f4f2","0fbc2c37-35c3-4371-8d50-9e3fe419db12","847176b0-1c61-4f54-8dc5-3881eea14790","درمان‌های پیشرفته زیبایی","0","کاور تاتو,کوتاهی موی کودک,فیلر پوستی","false","0"
"79a0be40-eebf-46d7-8c86-b6b440fae76c","9c2061b7-8dcd-4a63-878f-f7ad43f53478","f6647b4b-1dee-4fdd-bd79-531fb40e659a","لیزر و درمان‌های ضد پیری","7","مزوتراپی,استایل ریش,اکستنشن مژه","false","3"
"7aa15219-4b3e-4cff-ad4e-c17bc3614d69","ce70c30b-861e-4cde-a1a1-239c71c244be","67bac426-0468-422d-bb83-cab374d358b2","تجربه لوکس اسپا برای آرامش","7","میکاپ عروس,مدیتیشن","false","3"
"e3dbd8ac-1ea2-4000-a458-8f2eea0fff0e","b1affdda-262e-4d12-b54b-f293ec32c7e0","e53a2f6c-e82e-49b6-9c15-3221ad9ade7c","درمان‌های پیشرفته زیبایی","7","","false","2"
"d055627f-df62-4bec-b87c-c25f5ccac920","b962a18b-822b-472e-8814-8b2c493de82e","5a33c5ef-c44f-45ea-93e3-ca4bd5633284","آرتیست‌های خلاق برای سبک‌های منحصربه‌فرد","6","رفلکسولوژی,رنگ ابرو","false","4"
"47d92854-52b6-4877-bb4e-7b788076a2b4","68b1cd53-90db-4c63-8f61-5363c055b7ea","null","آرتیست‌های خلاق برای سبک‌های منحصربه‌فرد","5","","true","2"
"93e4e414-a1cf-4fa6-9e6c-303b1e80d0c8","0fb5ff59-aefc-43c6-9af6-eb675cece0ee","7ce16c86-0512-45a4-917a-fc7b3f366cb1","حذف موهای بدن و صورت با تخصص","9","","false","4"
"198f34bd-0466-49e2-9438-77a16670fb94","4cf51a03-7c8f-4bcd-85fe-95ab21215f5f","7192656d-e897-4628-8750-1b9ee24b9349","حذف موهای بدن و صورت با تخصص","5","حجم‌دهی لب,لاک ساده","false","4"
"02607fda-e3fa-4051-8852-7ae4f4c21c4d","30caa550-2542-4eff-89fd-aef4c07619b1","f29b09f9-0722-42c0-9af7-a704aea39992","خدمات آرایش حرفه‌ای","0","ماساژ زوج,میکاپ روزانه,تمرین قدرتی","false","2"
"a8e0b896-c574-4bb0-86dd-a680817051ff","d4f39a77-5868-4aae-bc69-e750263ef188","087867e0-792d-4bae-872c-f19e6a5cdc25","لیزر و درمان‌های ضد پیری","0","لاک ساده","false","3"
"43cb5e9a-3470-4b3d-b3a3-2a879e30610e","36658f50-5d9e-436f-8296-c5ea50945d65","3d75175e-1669-4e66-9ef3-fc840cedff09","خدمات شخصی آرایش مردانه","6","","false","4"
"b5f1c8fb-9091-4c37-924a-f7e3d3fcc5b5","fca0d249-7e13-4ce5-83a5-dc25c170e8f1","a07d02e3-4c33-4acc-a985-ce90dad77cf5","مدیریت و اصلاح ریش","9","رنگ موی مردانه","false","0"
"4b77aa05-6715-4ccc-8796-c86fc96b92dd","5bf3e23c-050c-40e1-880e-d2801ce9ca9c","d96f3d92-f7de-4c06-a215-2d04879050f3","مشاوره شخصی در زمینه آرایش","0","مانیکور کلاسیک,لیفت پوست","false","1"
"3f598906-c14e-4198-8ab8-7507ff41447f","656cd773-2fe5-4648-b23e-8abf6a0757e6","6edaab36-9521-46d5-aa19-9ba8dfff5fa1","رعایت بهداشت حرفه‌ای و ایمن","5","میکاپ مجلسی,درمان روزاسه","false","1"
"58034a8a-d70d-4096-b85f-aad389d382d2","51923876-9325-45c6-b32f-bf35bd3331a6","da5991dd-e278-41f1-b932-e0627f6b7e29","طراحی تاتو و هنر بدنی سفارشی","3","","false","0"
"8d60a000-8c52-4070-8e23-f68bc1e615fb","2706891f-0ab8-4101-a8f5-069fc9996512","fa1aff0b-03de-4290-9d6d-ed938ac00513","لیزر و درمان‌های ضد پیری","0","فیلر پوستی","false","2"
"a3213558-c3d3-4bc6-8a58-d43710a85a85","d2b5f713-40cd-476f-8c06-85ebd8581e05","da5991dd-e278-41f1-b932-e0627f6b7e29","درمان‌های پوست و صورت برای تجدید انرژی","3","پیرسینگ بینی","false","3"
"f1b1f518-23aa-483b-b0ac-148046272827","f0cb4b45-cc1c-40cf-80f1-4f130b070fbf","f11a7e28-f354-4faa-bc25-9c0bdaae974b","درمان‌های زیبایی و مراقبت از پوست","7","لیفت پوست","false","2"
"655e1e2b-1fcd-4058-bbec-183a00b5d591","cfd22eff-4182-4261-806e-2c99c0b89f83","10f1767d-7e4d-4c0c-8b09-de71e61d534f","درمان‌های ایمن و مؤثر","0","صاف کردن مو,رنگ مو,تاتو بزرگ","false","4"
"0f68fbea-cf2c-49d9-b662-7118af92cf5a","bb13d8be-20d2-4528-8ec9-8698e5efd822","32f294c9-4293-4eef-8c03-4a5717ba66d3","تجربه لوکس اسپا برای آرامش","9","کلاس زومبا","false","2"
"32f3da61-2788-413d-8b12-d60b422c8123","3fc08808-09a5-4678-abd7-3ff06fff5f62","6edaab36-9521-46d5-aa19-9ba8dfff5fa1","کوتاهی مو کلاسیک و مدرن مردانه","2","میکاپ روزانه,فیشال پاکسازی عمیق","false","1"
"e3da5c72-337c-4074-92c1-6bd1f4e49638","6fd747d4-755a-4e4e-98cc-4d77ee2d1049","262c832a-9f01-4ac7-8b67-c1c556d319f7","مشاوره شخصی در زمینه آرایش","7","اصلاح ریش","false","0"
"96502ea2-6d22-44a2-bd93-1fe97c1acdb5","58064055-2a98-49b2-8171-918575e33405","15651b32-0168-4874-a436-187e070b888d","ماساژ درمانی و آرامش‌بخش","9","فیلر پوستی,پاک کردن تاتو با لیزر,صاف کردن مو","false","4"
"405282cf-2931-402d-bcfa-136e6fea5446","a8f8c84a-8091-4c34-a780-1cf23db51820","e42c183c-93dc-4f6f-8024-a625d701b7c8","طراحی ناخن‌های خلاقانه","2","هایلایت و بالیاژ,لیفت مژه,پاک کردن تاتو با لیزر","false","2"
"5cc32810-8747-42a3-9427-719fa81f2c5c","e7b422ce-94e6-4185-a6bb-8ff773020c2f","66efb584-62c1-4b7e-b7bb-e8326eef3945","متخصص در تاتوهای واقع‌گرایانه و هنری","1","مزوتراپی","false","3"
"3a698d5d-34fc-416c-8582-4a7309ff2e55","d27dd399-27a4-40c3-bba6-62b0c70804d6","146444c2-eae5-4b28-83b8-8f8bf7c1c44b","آروماتراپی و خدمات سلامت و آرامش","3","رنگ موی مردانه,میکاپ مجلسی,فیشال ضدپیری","false","4"
"2463b158-d94d-47ac-b869-a743dc517292","b00f586c-01a9-4d6e-9e54-fc88b0ec907a","146444c2-eae5-4b28-83b8-8f8bf7c1c44b","درمان‌های ایمن و مؤثر","0","لیفت پوست,اکستنشن ناخن","false","3"
"f2f586f0-119f-41bb-9eaf-aef12486958f","c2965374-3058-4982-954b-ce271ed4dd50","2a3f08db-18e8-4330-af63-554404cb4d7b","جلسات آروماتراپی و سلامت","5","فیشال ضدپیری,درمان آکنه","false","4"
"05929b24-d03a-429c-a89f-556d7b353dec","74486bac-3b4a-41a2-87c3-19423ecd0224","dfd54824-7756-43ae-aa44-3b66a23a4452","مدل‌های به‌روز برای خانم‌ها و آقایان","6","کوتاهی موی کودک","false","2"
"da599f4f-6c5e-4a1b-82a0-a48e3481d7e7","9ee59259-ecf9-4960-ad7a-0f4584a6411f","10f1767d-7e4d-4c0c-8b09-de71e61d534f","اصلاحگران حرفه‌ای با تجربه","8","ونیر دندانی,اصلاح ریش","false","0"
"f43635df-88fb-4db1-93f8-2d39d7ac2ca2","12896045-d7e5-456c-a789-eb0508c98d55","d3688d54-5e8a-4ba7-b38d-ad8d733faec3","درمان‌های پیشرفته زیبایی","8","ماساژ زوج,درمان عروق با لیزر,پیرسینگ بینی","false","1"
"05567988-28ab-4f01-acc8-d416d2967d38","118c6f90-0c9b-42b3-8392-7e4c7d06dc75","a07d02e3-4c33-4acc-a985-ce90dad77cf5","مدیریت و اصلاح ریش","8","","false","1"
"c955803c-2522-4039-b155-7e301a5723dc","c4f48cc5-2448-45b7-a914-4a3a35648843","e8f14bd1-02a3-4948-b2e3-d3b3b0184466","مشاوره شخصی در زمینه آرایش","2","اکستنشن مو,ماساژ درمانی,میکرودرم ابریژن","false","2"
"1900f148-1a90-41b8-94c9-7813c987681d","ad317cc5-4e72-45bd-a895-5309d024be1f","d69124f7-4202-4aed-ac28-43b0f6d6d344","کوتاهی مو کلاسیک و مدرن مردانه","4","بلیچینگ دندان,رنگ موی مردانه","false","2"
"a7a2e152-2dd8-4450-bbdf-45ba54f3c0e0","113465d3-57ee-4191-b7f6-624788069bb2","d754625d-9bc7-4f51-b1d9-308e510bc9a0","خدمات مانیکور و پدیکور","2","درمان لک پوستی,ماساژ آروماتراپی,هیدرافیشال","false","0"
"73dde7be-6fb6-4e86-b959-ab9ce5976191","173e5304-852c-4ba0-9f82-77e2e46d25d8","a91b72e2-10d1-4c2c-bb09-f4c699d966d3","مشاوره شخصی در زمینه آرایش","2","ماساژ ریلکسی,پاک کردن تاتو با لیزر,درمان روزاسه","false","2"
"f98eecb4-89f9-44e6-8f3e-2d873f9f3e18","7cfc656e-d120-4784-b28e-e392b6d910ce","9e585aad-6cd4-4915-8bf8-fb0de0f7b323","لیزر و درمان‌های ضد پیری","8","تزریق بوتاکس,مزوتراپی","false","0"
"f8ffd65c-292a-4ba1-9a9b-05f6f507ec74","c4794d4f-6394-49c0-a58f-dbaa66d41287","d0884aaa-ced3-43ad-98f6-b41fe83a1134","خلق سبک‌های خلاقانه برای هر مناسبت","9","کوتاهی موی زنانه,کوچینگ سلامت","false","1"
"27d2eaee-5a72-4055-8b8b-c237c318cf16","7ca06de6-4c97-4139-9393-6acadbb25905","null","مدل‌های به‌روز برای خانم‌ها و آقایان","2","","true","3"
"0cb8a9f2-a3ed-4e3f-a452-f7bb56d80971","2429b9cb-be81-43db-bcce-ce3b9d8730b7","3c212ac3-00f3-4b21-bb5c-013d37dba122","مدیریت و اصلاح ریش","3","ماساژ تایلندی,فرم‌دهی ابرو,ایمپلنت","false","4"
"bef5bb06-e1af-4796-a0bb-77768b49a6e9","16d86bc6-00f7-4fc8-98d7-298b66e79f85","47f41487-6b45-4015-bed6-de0ec198fca8","خدمات شخصی آرایش مردانه","2","پیرسینگ بینی","false","3"
"b5b44f3b-8421-4ffb-aae9-6ba2bd78cc5e","2aefcc73-a79f-4e0f-86b3-ed1142877c12","c49420ee-a7b1-4f0e-ba3d-72679bf9dcf0","درمان‌های پوست و صورت برای تجدید انرژی","1","مزوتراپی,استایل ریش","false","2"
"229319c0-64a1-4836-8561-23e9ee885810","fa4cfe26-e918-41bf-a66e-a41f8647bd78","d0884aaa-ced3-43ad-98f6-b41fe83a1134","آرایش عروس و مهمانی","0","ماساژ دوران بارداری,تمرین قدرتی","false","2"
"e99b7386-caf0-4f61-a518-4e140af928fa","cc3df07a-a68f-4f8a-8f61-8147e4e33b7c","1f27537b-45d5-4dfd-b89b-bd552582994c","اصلاحگران حرفه‌ای با تجربه","2","ماساژ ورزشی,کوتاهی موی مردانه","false","4"
"b717ee34-da61-436c-92ca-c0b97b9a1206","33af18b3-a78c-4252-9f47-bb15775e0bf7","e71d301b-6b5d-4fd1-8caa-b9fbaeb3a361","آرایش عروس و مهمانی","0","ماساژ بافت عمیق,فیشال ضدپیری,برنامه سم‌زدایی","false","4"
"928031c8-6a21-4644-907c-eabb759a93e0","2ca67d5e-ce92-4219-8c4c-675eb9bca2e9","6edaab36-9521-46d5-aa19-9ba8dfff5fa1","خلق سبک‌های خلاقانه برای هر مناسبت","6","دندانپزشکی زیبایی,کلاس یوگا","false","3"
"0a891559-c0a5-4e83-be3e-a2eadbb69bfe","4994f179-2599-41b4-a3eb-91f877ec854a","f6647b4b-1dee-4fdd-bd79-531fb40e659a","درمان‌های ایمن و مؤثر","0","درمان پوست سر","false","2"
"59902d9d-98d1-49e4-8034-766b90e7746f","f4a63ec8-f6e6-468b-a426-9f0bef941ab8","null","متخصص در درمان‌های مدرن مو","2","ماساژ ورزشی","true","3"
"39a44dad-4c90-46ba-aabf-79ad4e183cef","62e6bab6-02bc-4f99-8a93-67d66187df95","f29b09f9-0722-42c0-9af7-a704aea39992","مدیریت و اصلاح ریش","3","اصلاح صورت,اکستنشن مو","false","2"
"73bcc29f-907e-43a9-8624-cc64ce88ac7b","78b7355c-18ad-43c6-9bf2-433b074d4e72","f11a7e28-f354-4faa-bc25-9c0bdaae974b","آرایش حرفه‌ای برای مراسم و عروسی","1","","false","3"
"fdf96c65-bbed-4f58-b46b-41ed9690569f","50167215-657c-4977-afad-b8d143ab412c","d754625d-9bc7-4f51-b1d9-308e510bc9a0","مراقبت حرفه‌ای از پوست و بدن","1","طراحی ناخن حرفه‌ای,لاک ژل","false","1"
"aef6f34a-dc11-4131-8c41-9aafe526df83","4ee3c299-900f-4f1d-85f6-70bba417b005","67bac426-0468-422d-bb83-cab374d358b2","خدمات آرایش حرفه‌ای","4","ارتودنسی (براکت)","false","4"
"f9f7c82b-b462-45f7-a57b-235e1cfce081","9006114d-eed9-43de-bd7d-fcd4b51243f5","847176b0-1c61-4f54-8dc5-3881eea14790","مدیریت و اصلاح ریش","7","ماساژ درمانی,فیشال ساده,ونیر دندانی","false","4"
"766fb3c8-d138-493b-b788-26e0c011fd6d","aa629efd-1927-474b-9b59-74ab4fe5aac0","e8f14bd1-02a3-4948-b2e3-d3b3b0184466","درمان‌های ایمن و مؤثر","8","لاک ساده,پی آر پی (PRP)","false","2"
"e578ea7d-0372-470e-9eb4-6520643e04d5","853e7a4e-419e-436b-ab39-96eab337447a","f4949619-40af-4f41-b373-cbfb60025709","آرایش عروس و مهمانی","7","","false","2"
"f4614276-abab-45f4-90c4-c256879385b8","e8aea309-7229-4043-9ae6-6b93550f8d11","null","حذف موهای بدن و صورت با تخصص","2","","true","1"
"4f630140-8d9b-4dc1-9178-b34b61f20357","12fdd38a-3a1a-417a-abce-7166af7f1baf","a07d02e3-4c33-4acc-a985-ce90dad77cf5","درمان‌های زیبایی و مراقبت از پوست","2","میکاپ دائم","false","1"
"110f1877-4818-47de-98f1-caf196051ce6","02462de7-8996-4750-b5be-a9e3255bc973","15651b32-0168-4874-a436-187e070b888d","درمان‌های زیبایی و مراقبت از پوست","2","کوتاهی موی زنانه","false","2"
"19d4a4e0-6ff8-4ca3-8558-ca9ecf7242c3","d000a95c-cbc3-43e1-ace1-f5eca222dc1f","50b37229-154a-49b9-ae60-91c47a996403","خدمات پیشرفته لیزر برای حذف مو","5","رفلکسولوژی,کوچینگ سلامت","false","1"
"8078e702-0dc2-4c94-bdca-135b070a6f1a","fd48bdaa-fc22-4cb4-9dd4-7177cdda5a6e","b86c49cc-2c8a-46e8-8a9a-e51288089fd5","آرایش حرفه‌ای برای مراسم و عروسی","0","کلاس پیلاتس,تمرین خصوصی,تمرین قدرتی","false","4"
"3b5423cb-7664-4b13-8498-91ca40997f98","41cef9a9-2b19-4d22-9180-fa47a57b9166","a07d02e3-4c33-4acc-a985-ce90dad77cf5","فناوری مدرن برای پوست صاف","6","","false","2"
"b3149add-0414-426f-939e-0258679c253c","de37ca8c-3720-490d-b664-8f2b6246d859","9e5c7c74-24fa-4a19-9c35-e49eed74406b","حذف موهای بدن و صورت با تخصص","1","کلاس یوگا,فیشال روشن‌کننده,لیزر موهای زائد","false","4"
"dce93bdc-7bf8-41cc-bbf9-714b551a436a","668d790f-d056-4fa8-8899-a3f644b8de58","ebecc6c5-620c-4638-87e8-adc4c5b3f6db","طراحی تاتو و هنر بدنی سفارشی","9","","false","0"
"fb1fa2cf-dbea-4857-9972-1b6d4e70e1fa","573b8c3d-093b-4d93-af66-68dba7f26597","67bac426-0468-422d-bb83-cab374d358b2","ژل، اکریلیک و مراقبت از ناخن طبیعی","3","تمرین قدرتی,سونا","false","1"
"abcc77d7-79b3-4a97-95c5-b354e41d5a97","373c7bdb-b04e-42d4-b14d-ac65c742330b","57bf8b52-b219-4b96-82f0-4a1638c2a1aa","مدل‌های به‌روز برای خانم‌ها و آقایان","4","طرح حنا","false","1"
"e6a1e28e-1a4b-472e-8db1-a2958652adaf","6608de2c-018a-4a01-9801-79fb4de312bc","null","خدمات آرایش حرفه‌ای","4","میکاپ مجلسی,طرح حنا,مانیکور اسپا","true","2"
"2c97c1d7-f886-464f-9ab9-5d213b3b3460","11d2ff19-63c1-4919-93ec-c42c830513f0","e8f14bd1-02a3-4948-b2e3-d3b3b0184466","خدمات مانیکور و پدیکور","3","میکروشیدینگ,ماساژ آروماتراپی,لیفت مژه","false","3"
"3994f38b-266a-4001-b501-6d0d7b3df43e","a4941718-b96e-4e74-baf5-fc4e9a1c6ce4","86e142ba-5704-485a-bf71-622364f2beeb","مدیریت و اصلاح ریش","1","","false","1"
"3a7c9784-082a-4e9b-bc73-5e968f21892e","baf08b41-1e14-4d0a-abab-ffd1826916e8","c2d1d177-8ace-419b-b793-700f31229954","اصلاحگران حرفه‌ای با تجربه","9","","false","1"
"5137e10d-3b8b-4bd5-9bf1-abfaef6bc6b3","9a36a682-8368-4392-bd7d-c336e4c12dc3","null","ژل، اکریلیک و مراقبت از ناخن طبیعی","6","رنگ ابرو,ناخن ژل","true","4"
"fac4c4d3-b026-45b2-a292-988d5481e6b8","4c1d6f6e-93ad-44dd-91eb-4afbbaa00e37","null","اصلاحگران حرفه‌ای با تجربه","9","لیفت پوست,پدیکور اسپا,طراحی ناخن حرفه‌ای","true","1"
"4bea8161-c484-4109-a34b-4baaaa1ba2b4","00ab6580-6c11-41fd-9f0b-9ce1695b9302","null","متخصص در تاتوهای واقع‌گرایانه و هنری","8","","true","3"
"c75109a2-f2e1-4064-92c9-0c7916641ebb","9b8d6860-0a55-4f80-9f4c-f91b8fe87918","dfd54824-7756-43ae-aa44-3b66a23a4452","مدیریت و اصلاح ریش","2","سونا,ارتودنسی نامرئی","false","3"
"a692f415-e4fd-4f8b-b2c9-b8b014d7b8e4","264b5890-4fe3-442f-83f8-88c5fe783210","null","متخصصین حرفه‌ای مراقبت از ناخن","2","","true","3"
"2a0ef01d-b4ff-4601-ab0c-244596d674d9","5893a407-cccb-400f-a7ba-3a3c37b11a9d","47f41487-6b45-4015-bed6-de0ec198fca8","درمان‌های ایمن و مؤثر","4","ماساژ آروماتراپی","false","1"
"626f7b35-29b8-4306-afbb-7f8f51cf7f58","9dcd223b-a835-4f14-9f33-9547357391ea","628a17e9-f78a-4610-9648-f671d5d4a75c","طراحی تاتو و هنر بدنی سفارشی","6","فیشال روشن‌کننده,کلاس یوگا","false","2"
"03134562-40da-4866-923a-9da1b8dee236","b6f6de7b-d99c-4b80-9ccc-299e2b78e0b1","8097f69b-fd39-48dd-b39a-64b4eebebefe","مشاوره شخصی در زمینه آرایش","9","","false","3"
"0ac30ecc-8621-4db2-9df2-f7ce948af5b2","bc6074c3-b780-43c7-bb1b-9807e47d48c3","f4949619-40af-4f41-b373-cbfb60025709","طراحی تاتو و هنر بدنی سفارشی","1","پی آر پی (PRP),درمان لک پوستی","false","4"
"7014f252-a775-4eb5-b594-ae3fa3b666e3","032d3531-cd2c-41c8-b054-0b36d809707e","3c212ac3-00f3-4b21-bb5c-013d37dba122","درمان‌های پوست و صورت برای تجدید انرژی","5","الکترولیز موهای زائد","false","4"
"2636a1c2-d8e7-48ae-b252-780564181fa2","ea3dd431-68d4-43e8-9885-d95cd2f583c4","b977020b-f336-440b-af66-78d59fcb826a","متخصصین حرفه‌ای مراقبت از ناخن","7","","false","2"
"50f1ebc9-cc30-4873-9191-e6d23ffd175a","e97178a9-ec86-4f0b-8ca0-da73f1eadf59","2eb72844-2023-44fd-b8af-cf98e8c19ac0","آروماتراپی و خدمات سلامت و آرامش","2","","false","4"
"fb58e993-fef3-49ee-a0b8-038eaee0f2f4","71bd14ee-d57b-42a6-9af5-0e3b61f27b31","e42c183c-93dc-4f6f-8024-a625d701b7c8","آرتیست‌های خلاق برای سبک‌های منحصربه‌فرد","3","","false","4"
"c85aca21-1a87-41af-b92e-c206658db2f0","12d1b3f4-d3e2-42a2-bdc6-67df6e6ab5d7","null","متخصصین ماساژ با تجربه","6","","true","0"
"7d091044-5448-491b-8b6b-ca04e8825107","8261bdd1-7c1f-4538-acd5-8c6e635ecb67","fa1aff0b-03de-4290-9d6d-ed938ac00513","مدل‌های به‌روز برای خانم‌ها و آقایان","7","","false","0"
"ff33c385-1725-463a-86e2-342d18503c0d","f212772c-8bc4-470d-8cd9-7efa2bc5607b","3c212ac3-00f3-4b21-bb5c-013d37dba122","درمان‌های پوست و صورت برای تجدید انرژی","7","طراحی ناخن ساده,تاتو بزرگ,درمان روزاسه","false","3"
"65cc1227-54d2-491e-961e-491de07b9d4d","fc896c83-7e6e-400d-b074-8dac92f5fac9","f11a7e28-f354-4faa-bc25-9c0bdaae974b","ماساژ درمانی و آرامش‌بخش","6","اسکراب بدن,کرایولیپولیز (کول‌اسکالپتینگ),لیفت مژه","false","2"
"1e7d2be4-5612-4030-bf68-cc69bdb32c9b","c3dcf90b-c728-4e61-8302-83ab9288bd7c","null","درمان‌های پوست و صورت برای تجدید انرژی","6","ونیر دندانی","true","0"
"6f2b9978-c1f2-48a2-a287-e2401b1b8c44","688e3cd2-d91c-4925-a6e4-bc5b75864560","06012499-12e6-4f07-a15f-0978cb567f61","جلسات آروماتراپی و سلامت","1","درمان آکنه","false","4"
"5d671877-0cdc-4c98-987e-16ec292d542a","3f510828-715e-4b11-ae12-ec59e139ca6e","b4a8000e-abf3-4a55-87e7-a75e302fe87c","خدمات شخصی آرایش مردانه","4","میکروبلیدینگ,لایه‌برداری شیمیایی,هایلایت و بالیاژ","false","3"
"eaabac74-cc09-43d4-bce1-7f0ab95a8822","a5f6469f-3da3-4964-a6ef-b978389b2046","c2d1d177-8ace-419b-b793-700f31229954","متخصصین حرفه‌ای مراقبت از ناخن","8","ترمیم ناخن,پاک کردن تاتو","false","2"
"493e7221-c98c-453c-a708-9bf7dce6c80a","05e35c36-738d-457c-943c-a18c90d0ad9c","3d75175e-1669-4e66-9ef3-fc840cedff09","حذف موهای بدن و صورت با تخصص","9","تاتو متوسط,ماساژ سنگ داغ","false","0"
"c5244fcf-dafa-4b30-9357-e28aa73ffd08","b0020fec-20b4-4060-a73d-5552ad1d69d0","f6647b4b-1dee-4fdd-bd79-531fb40e659a","ماساژ درمانی و آرامش‌بخش","2","","false","3"
"ac645fa2-102d-4b06-b126-028b3cccceaa","0b1c4f6f-6bd3-4f20-a29b-cb7015395a7a","262c832a-9f01-4ac7-8b67-c1c556d319f7","تجربه لوکس اسپا برای آرامش","9","ماساژ زوج,اکستنشن مژه,کراس‌فیت","false","4"
"5dfeac94-58cb-4091-abd2-dc65bb54a07e","48c35d10-931a-4b29-af90-3cd94d55422c","c49420ee-a7b1-4f0e-ba3d-72679bf9dcf0","راه‌حل‌های زیبایی مبتنی بر متخصصین پوست","8","","false","2"
"9177e6f9-780f-45bd-baf6-b552732b7155","a513fff5-b232-40cd-a5c0-676a74215a5c","31f07417-b9d4-4a36-8f47-c0311b2b831d","لیزر و درمان‌های ضد پیری","3","","false","3"
"cea529ec-3a82-40e4-a0cf-64d29e83b0e1","3bfde581-153c-4152-a0cf-4542aad4e6cb","82bcec8b-5ef3-4ede-9bde-0d9d88540f45","متخصص در تاتوهای واقع‌گرایانه و هنری","5","","false","4"
"e5297088-36bd-435b-999f-a5533e612634","2a15aa05-9713-48ba-97c1-0e321d4827c8","a18da92a-ff08-4313-b65a-afc3aa0062c5","لیزر و درمان‌های ضد پیری","7","","false","4"
"21d49a27-a75c-4429-9a05-c4c925c5921d","0a6150fb-9264-4fe5-9ae7-449ca252cc45","dea8ea2f-4ba2-4720-be18-ce5f549b27b5","ماساژ درمانی و آرامش‌بخش","8","رنگ مو","false","2"
"88a35307-0d56-4e28-9038-76bb799ad020","80bb50d2-3d9e-4e13-83fb-4c9a2b8e42b3","2a3f08db-18e8-4330-af63-554404cb4d7b","مراقبت حرفه‌ای از پوست و بدن","6","جکوزی","false","4"
"24266394-b7dd-4626-976f-ea2acd22cc63","cbd86b20-2799-425a-b82a-accbca99026e","32f294c9-4293-4eef-8c03-4a5717ba66d3","کوتاهی مو کلاسیک و مدرن مردانه","9","ونیر دندانی","false","3"
"56926876-7bb0-4a77-9724-5d133cac7dfb","a986a366-b245-4f19-b1c8-35fe4008c903","e7546a87-7041-4376-82ee-b509887aaddf","کوتاهی مو کلاسیک و مدرن مردانه","3","ایمپلنت,میکاپ عروس,ماساژ ورزشی","false","4"
"c46b2193-daee-45a5-9f20-6c37c49f59d5","c64d226e-7aa8-490b-981e-93239c27e503","10f1767d-7e4d-4c0c-8b09-de71e61d534f","مراقبت حرفه‌ای از پوست و بدن","1","پدیکور کلاسیک,تاتو متوسط,برنامه سم‌زدایی","false","2"
"692dea76-10d4-4855-9f48-6c9e70b17ea7","00965f14-c049-4dca-b1b1-307f2e59856a","c2d1d177-8ace-419b-b793-700f31229954","تجربه لوکس اسپا برای آرامش","4","ماساژ زوج,درمان عروق با لیزر","false","2"
"a7c2391e-26fb-4e9e-ae9d-9d431510416a","364755c9-b0cf-4287-806c-2daccaff17de","6b376aa4-5511-4813-8f35-d4e1b64dd327","حذف موهای بدن و صورت با تخصص","5","","false","0"
"242537bd-19a7-4bca-83ea-6d8980393e6b","7fa9c5c3-4686-4327-ade5-45c72c0ae454","cc7ba8eb-daa6-4118-8e68-c5fe0929621b","ماساژ ورزشی و بافت عمیق","2","بلیچینگ دندان","false","2"
"abf451d8-5162-420f-8a75-d441103ee2d3","130257eb-05fd-44cb-99fc-6df08c23465f","f29b09f9-0722-42c0-9af7-a704aea39992","حذف موهای بدن و صورت با تخصص","5","","false","1"
"58a91230-b383-4528-81fb-566938bc5300","0a6e2413-9a62-4418-b998-45a470fd265a","null","جلسات آروماتراپی و سلامت","6","جکوزی,اسکراب بدن,کراتین مو","true","4"
"38e7ba88-9852-4ffe-98ed-7006b713d0ca","7649f87d-6d4d-42d3-ae29-c8ec3ecadb76","e42c183c-93dc-4f6f-8024-a625d701b7c8","اصلاحگران حرفه‌ای با تجربه","8","میکروبلیدینگ","false","3"
"4a9a0d6d-6426-402c-b3a9-9f93e8c082aa","7927bd2d-d933-4877-b5b2-c82c257a8b9f","32f294c9-4293-4eef-8c03-4a5717ba66d3","خدمات پیشرفته لیزر برای حذف مو","2","اکستنشن مژه,تاتو بزرگ","false","4"
"6b03b8ed-977c-4a22-90ac-6945b4523504","0500cae2-5eab-4582-99ab-fe317697381e","d69124f7-4202-4aed-ac28-43b0f6d6d344","خلق سبک‌های خلاقانه برای هر مناسبت","4","تمرین قدرتی,پیرسینگ گوش,میکاپ روزانه","false","4"
"d588288b-8683-406b-80a9-89934853bf00","1aa05649-0f69-4ab0-8396-df9421f4e08b","087867e0-792d-4bae-872c-f19e6a5cdc25","جلسات آروماتراپی و سلامت","2","ارتودنسی (براکت),ماساژ سوئدی","false","1"
"49114eab-954c-4168-9d4c-dd43563a03db","f5c67480-7b7e-4331-94f6-7d66a02e6457","47f41487-6b45-4015-bed6-de0ec198fca8","کوتاهی مو کلاسیک و مدرن مردانه","7","ماساژ سنگ داغ,مانیکور کلاسیک,فرم‌دهی ابرو","false","4"
"ed23005d-442b-441f-8fe1-6e1a0bd52cf3","e9ac8f4f-a9f2-4409-8b17-9aee349c2636","null","خدمات آرایش حرفه‌ای","6","لیفت مژه,فرم‌دهی ابرو","true","0"
"1656b4b4-f5e6-4a05-abeb-84fa78c56690","72881f0f-f761-423d-8fe2-8ecc996bcd95","dfd54824-7756-43ae-aa44-3b66a23a4452","متخصصین حرفه‌ای مراقبت از ناخن","0","پاک کردن تاتو با لیزر","false","4"
"ab46e9f1-aac8-479a-8087-1a661a36e2dd","5b4ccfd3-935b-4889-b587-dbcb8f9d356f","null","آروماتراپی و خدمات سلامت و آرامش","5","","true","3"
"8c4a6f42-f39b-4e25-84ec-91e9b23834da","50dd3e9a-762f-4b03-a015-abd9aaa93217","null","درمان‌های ایمن و مؤثر","3","میکاپ روزانه,پاک کردن تاتو,طراحی ناخن ساده","true","3"
"3cb2cec5-5d35-40c9-8029-5de93760e52a","2786263d-53cd-4e6f-8243-070e8f1fe0b1","aafaa2a7-6999-4613-8ade-01576c757647","کوتاهی مو کلاسیک و مدرن مردانه","5","اصلاح صورت","false","4"
"5ecafdd6-5d24-4491-8814-cfa499941b26","56dd0be9-93f4-4e97-a7cf-c6dcf078f47d","971bc0cb-7039-4762-9360-02f8ad48fe8d","ارائه خدمات حرفه‌ای آرایش و رنگ مو","8","پاک کردن تاتو با لیزر,تاتو متوسط","false","3"
"4ca74248-bc2b-4cfd-92a0-8de05bf9a44e","aed2160a-e35d-4ae4-95e1-2468dbf4b9e1","f7d9059d-6f8f-4647-ba19-a3b30834228f","متخصصین معتبر در زمینه زیبایی","7","","false","3"
"c998cf8c-83d6-483c-b979-14bbb71120f9","6ba1382b-5f3b-4329-9a86-5c249a49c4ce","null","آرایش عروس و مهمانی","3","لیزر موهای زائد","true","2"